TIMESTAMP,IRT5001C3xx24,Ta_2m_Avg,RH_2m_Avg,WndAveSpd_3m,WndAveDir_3m,PresAvg_1pnt5m,Solar_2m_Avg,Rain_1m_Tot,TaMax_2m,TaMin_2m,RHMax_2m,RHMin_2m,cwsi,eto,etc,kc
2024-07-16 13:00:00,27.60197,31.0415,45.561,1.6728166666666666,253.3673333333333,915.595365,856.475,0.0,31.213,30.8575,46.447,44.61466666666667,0.157088508425526,,,
2024-07-16 14:00:00,28.02272,31.907333333333334,41.36516666666667,1.707,198.27791666666664,915.2775533333332,874.7833333333333,0.0,32.07233333333333,31.732333333333333,42.59583333333333,40.337833333333336,0.2967273208668348,,,
2024-07-16 15:00:00,28.686335,32.194,39.52216666666666,1.8047,85.12506666666667,914.9160183333332,803.45,0.0,32.358333333333334,32.02,40.71216666666667,38.50566666666667,0.358460088518395,,,
2024-07-16 16:00:00,28.370455,32.444,36.62883333333333,1.5710666666666666,82.70041666666665,914.7791533333332,694.1800000000001,0.0,32.601,32.2715,37.4935,35.900333333333336,0.6011417706037722,,,
2024-07-16 17:00:00,28.20363,32.54683333333333,36.814,1.6275166666666665,83.86200000000001,914.2600266666668,549.1466666666668,0.0,32.708666666666666,32.38466666666667,37.70966666666666,36.09016666666666,1.2887785271085463,,,
2024-07-16 18:00:00,25.44214,28.513666666666666,47.3275,2.6488,61.2755,914.6243333333332,301.76166666666666,0.0,28.68283333333333,28.33566666666667,48.00066666666667,46.72316666666666,,,,
2024-07-16 19:00:00,25.15652,26.654333333333334,65.8245,2.26135,94.32933333333334,914.9770016666666,191.9883333333333,0.0,26.8005,26.48983333333333,66.20333333333333,65.43900000000001,,,,
2024-07-16 20:00:00,,24.620833333333334,71.54516666666667,1.9113666666666669,104.151,916.1745233333334,53.38441666666667,0.0084666666666666,24.77533333333333,24.459166666666665,72.0635,71.05083333333333,,,,
2024-07-16 21:00:00,,19.87283333333333,80.65316666666666,1.5461833333333332,106.67566666666669,917.162995,0.01325,0.0,20.02533333333333,19.714,80.97233333333334,80.34066666666666,,,,
2024-07-16 22:00:00,,18.383666666666667,87.725,0.6780666666666666,112.91321666666666,917.9952283333332,0.0,0.0,18.52583333333333,18.230166666666666,87.97666666666667,87.47166666666666,,,,
2024-07-16 23:00:00,,17.5045,92.205,0.9878166666666668,164.17683333333335,918.7502866666669,0.0,0.0,17.64783333333333,17.345000000000002,92.38166666666666,92.02833333333334,,,,
2024-07-17 00:00:00,,17.148833333333336,94.24166666666666,0.3620333333333334,35.24966666666667,919.0379166666668,0.0,0.0,17.28933333333333,16.993333333333332,94.42,94.045,,4.217631211496008,5.06115745379521,1.2
2024-07-17 01:00:00,,16.170333333333335,96.54333333333334,0.4352666666666666,100.97833333333332,918.98366,0.0,0.0,16.312666666666665,16.007333333333335,96.70166666666668,96.37833333333332,,,,
2024-07-17 02:00:00,,15.153666666666668,97.56833333333334,0.3354999999999999,94.85166666666667,918.8655216666668,0.0,0.0,15.2975,15.0,97.72833333333332,97.38333333333334,,,,
2024-07-17 03:00:00,,14.404166666666669,98.42833333333331,1.0531333333333337,177.075,919.6361283333332,0.0,0.0,14.543333333333331,14.269,98.58666666666666,98.26166666666668,,,,
2024-07-17 04:00:00,,13.946,98.86833333333334,0.7898833333333334,156.02333333333334,920.019405,0.0,0.0,14.090333333333332,13.803333333333336,99.005,98.71333333333334,,,,
2024-07-17 05:00:00,,13.100166666666668,98.76833333333336,0.7944333333333333,167.985,920.46607,0.0,0.0,13.2405,12.9505,98.90333333333334,98.615,,,,
2024-07-17 06:00:00,,12.881833333333333,98.92166666666668,0.9594166666666666,177.8766666666667,920.9917316666669,4.9455,0.0,13.020166666666666,12.722333333333331,99.06,98.76333333333334,,,,
2024-07-17 07:00:00,,15.866666666666667,98.17166666666668,0.7324166666666667,44.937333333333335,921.3315166666667,99.2625,0.0,16.012999999999998,15.7155,98.34833333333331,97.99,,,,
2024-07-17 08:00:00,17.111945,19.063333333333333,88.85166666666667,1.2716833333333333,52.997166666666665,921.841135,268.47166666666664,0.0,19.208166666666667,18.9055,89.30333333333333,88.40666666666667,,,,
2024-07-17 09:00:00,19.645470000000003,21.279333333333334,81.78566666666667,1.4994666666666667,77.71883333333334,922.3753066666668,390.7766666666666,0.0,21.43433333333333,21.142,82.61033333333333,81.02433333333333,,,,
2024-07-17 10:00:00,23.191425,23.47,73.2655,2.7042333333333333,58.36666666666667,922.1854183333332,567.58,0.0,23.610833333333336,23.304666666666662,74.12316666666668,72.44383333333333,,,,
2024-07-17 11:00:00,25.637975,25.5165,65.40383333333334,2.4307666666666665,62.35,922.265835,694.06,0.0,25.665333333333333,25.358,66.38166666666667,64.52833333333334,,,,
2024-07-17 12:00:00,25.96729,27.000333333333334,57.35666666666667,2.568766666666667,61.630833333333335,922.27341,819.0,0.0,27.171666666666667,26.811333333333334,58.485,56.36783333333334,,,,
2024-07-17 13:00:00,25.07053,27.210500000000003,55.379666666666665,2.5112,72.87816666666666,922.0416083333332,751.2433333333333,0.0,27.393,27.017666666666667,56.25083333333334,54.55083333333334,0.2824239184554046,,,
2024-07-17 14:00:00,25.681615,27.74833333333333,53.88466666666667,2.6316333333333333,62.0515,921.7836216666668,681.58,0.0,27.942833333333333,27.556,54.755,53.060833333333335,0.4445195171512799,,,
2024-07-17 15:00:00,25.125175,27.38083333333333,53.54733333333333,2.3626666666666667,73.16683333333334,921.4680283333332,452.4933333333333,0.0,27.547,27.204,54.27283333333333,52.89383333333333,1.2609225339083372,,,
2024-07-17 16:00:00,23.82719,28.308,50.38466666666667,2.037583333333333,87.56566666666666,921.1159766666666,617.855,0.0,28.471666666666668,28.133,51.09883333333333,49.80416666666667,1.640227973110223,,,
2024-07-17 17:00:00,23.867455,27.262666666666668,52.6415,1.5854333333333337,85.575,920.895245,308.49666666666667,0.0,27.421,27.096,53.04616666666666,52.2435,,,,
2024-07-17 18:00:00,23.26935,26.388666666666666,54.23616666666667,1.6771,107.7705,920.802555,231.3683333333333,0.0,26.5285,26.239833333333333,54.5455,53.94133333333333,,,,
2024-07-17 19:00:00,23.104105,25.55033333333333,55.89883333333333,1.8688166666666668,136.37833333333333,920.8599266666666,114.2435,0.0,25.691666666666663,25.395166666666668,56.11016666666667,55.7015,,,,
2024-07-17 20:00:00,22.34409,24.16,60.4215,1.4986333333333337,147.07833333333335,921.3250383333332,10.924433333333331,0.0,24.3105,24.004166666666663,60.56733333333333,60.278666666666666,,,,
2024-07-17 21:00:00,21.614925,23.2315,63.462,2.065,151.03833333333333,921.477875,0.0,0.0,23.368,23.0715,63.584,63.342666666666666,,,,
2024-07-17 22:00:00,21.656195,22.9385,65.75566666666667,1.6053,135.8735,921.4771383333332,0.0,0.0,23.08233333333333,22.780833333333337,65.88583333333334,65.62883333333333,,,,
2024-07-17 23:00:00,21.04482,22.1355,68.68983333333334,1.3555,120.471,922.1145383333334,0.0,0.0,22.279333333333334,21.99633333333333,68.88033333333333,68.50066666666666,,,,
2024-07-18 00:00:00,19.5481,20.756500000000003,73.4935,1.14795,165.165,922.5979633333334,0.0,0.0,20.90333333333333,20.604,73.66883333333334,73.32,,5.490919466183446,6.589103359420135,1.2
2024-07-18 01:00:00,17.293770000000002,18.72683333333333,82.73649999999999,1.1707166666666666,195.42,922.475665,0.0,0.0,18.8655,18.5625,82.93966666666667,82.52433333333333,,,,
2024-07-18 02:00:00,16.134325,17.663999999999998,85.26333333333334,0.9174666666666668,183.8933333333333,922.4140083333332,0.0,0.0,17.806166666666666,17.505,85.49499999999999,85.02833333333334,,,,
2024-07-18 03:00:00,14.90743,15.3235,92.93666666666668,1.2555166666666666,186.795,922.2492366666668,0.0,0.0,15.468666666666667,15.171166666666666,93.14166666666668,92.71833333333332,,,,
2024-07-18 04:00:00,14.031075,15.370666666666668,93.52333333333333,1.2040833333333334,199.5366666666667,922.2019866666668,0.0,0.0,15.511666666666668,15.217,93.79333333333334,93.25333333333332,,,,
2024-07-18 05:00:00,13.936825,14.749166666666667,94.67666666666668,0.4041333333333333,100.31883333333332,922.41782,0.0,0.0,14.8915,14.599333333333334,94.95333333333332,94.40333333333334,,,,
2024-07-18 06:00:00,13.283035,14.534333333333333,96.46166666666666,0.5593166666666666,133.01666666666668,922.6358583333332,3.7917,0.0,14.685166666666667,14.3855,96.64,96.26333333333334,,,,
2024-07-18 07:00:00,13.992735,15.509166666666664,94.97166666666666,0.1946166666666666,28.326666666666664,922.8274316666668,88.146,0.0,15.6595,15.347166666666668,95.19333333333334,94.72833333333332,,,,
2024-07-18 08:00:00,17.098085,19.525,76.8115,2.4138333333333337,165.72166666666666,922.84125,262.04833333333335,0.0,19.669666666666668,19.369666666666667,77.17883333333333,76.47,,,,
2024-07-18 09:00:00,20.250655,22.0355,66.521,3.41665,177.97833333333335,922.7054883333332,435.4316666666667,0.0,22.19783333333333,21.882166666666667,66.944,66.09566666666666,,,,
2024-07-18 10:00:00,22.369625,24.3195,58.64483333333333,3.9779166666666654,189.5883333333333,922.4323483333334,586.3933333333333,0.0,24.482000000000003,24.151166666666665,59.179,58.16566666666667,,,,
2024-07-18 11:00:00,23.682855,26.198666666666668,51.978,4.1493,191.76666666666668,922.1917583333332,710.7683333333333,0.0,26.370833333333334,26.032,52.50116666666667,51.4665,,,,
2024-07-18 12:00:00,24.75785,27.561,48.2135,4.074933333333333,184.71166666666667,921.83805,811.23,0.0,27.729,27.38683333333333,48.74566666666667,47.7425,1.5220469270911292,,,
2024-07-18 13:00:00,25.68515,28.872666666666664,44.2285,3.7894,180.185,921.4009066666666,862.5166666666667,0.0,29.038833333333333,28.68733333333333,44.78566666666666,43.723,1.4781887325615783,,,
2024-07-18 14:00:00,26.598725,30.10533333333333,40.67100000000001,3.508433333333333,181.47,920.8072816666668,861.3666666666667,0.0,30.2775,29.916666666666668,41.23866666666667,40.16,1.5123363648164754,,,
2024-07-18 15:00:00,27.196575,30.70383333333333,39.89433333333333,3.6328833333333335,165.71,920.2955216666668,772.2516666666667,0.0,30.8785,30.514333333333333,40.3485,39.47583333333333,1.9341511888641625,,,
2024-07-18 16:00:00,27.2155,30.996,37.94683333333333,3.2146833333333333,157.095,919.8663616666666,630.2483333333333,0.0,31.168,30.81883333333333,38.34016666666666,37.56816666666667,,,,
2024-07-18 17:00:00,27.23984,31.18533333333333,38.155,3.456533333333333,157.37833333333336,919.376805,518.3466666666667,0.0,31.3545,30.997,38.526833333333336,37.81633333333333,,,,
2024-07-18 18:00:00,27.24668,30.860666666666667,39.38216666666666,3.2282,154.5366666666667,918.8851166666668,343.32166666666666,0.0,31.019166666666667,30.6965,39.65766666666666,39.12966666666667,,,,
2024-07-18 19:00:00,26.65775,29.4225,45.18683333333333,3.315166666666667,151.1266666666667,918.6639416666666,175.90666666666667,0.0,29.55883333333333,29.267666666666667,45.3785,44.98216666666666,,,,
2024-07-18 20:00:00,25.49474,27.368,52.452666666666666,2.8913,148.52833333333334,918.7556383333334,44.46891666666667,0.0,27.508166666666668,27.21966666666667,52.59316666666667,52.314,,,,
2024-07-18 21:00:00,23.22865,25.149833333333333,57.518166666666666,2.51445,151.78833333333333,919.1459883333332,0.0,0.0,25.292666666666666,24.999333333333333,57.637166666666666,57.3985,,,,
2024-07-18 22:00:00,21.77846,23.79416666666667,59.72866666666667,2.5723166666666666,154.17999999999998,919.412485,0.0,0.0,23.9425,23.643,59.851,59.61016666666667,,,,
2024-07-18 23:00:00,20.956515,22.801,62.74466666666667,3.3638,158.09,919.4923133333334,0.0,0.0,22.946666666666665,22.660666666666664,62.86683333333334,62.63,,,,
2024-07-19 00:00:00,20.568325,22.3025,64.02016666666667,4.020783333333333,162.84,919.1662566666668,0.0,0.0,22.441666666666663,22.1565,64.15316666666666,63.90783333333333,,3.4396898261783626,4.127627791414035,1.2
2024-07-19 01:00:00,20.110065,21.5695,67.41116666666667,4.019116666666666,165.78333333333333,918.99532,0.0,0.0,21.706833333333336,21.434833333333334,67.53366666666666,67.29683333333334,,,,
2024-07-19 02:00:00,19.700025,20.92533333333333,70.71466666666667,4.017716666666667,171.6266666666667,918.5647166666666,0.0,0.0,21.0665,20.777833333333334,70.85566666666666,70.57966666666667,,,,
2024-07-19 03:00:00,18.88166,20.07133333333333,75.28833333333334,2.2947333333333333,158.04666666666665,918.4417016666666,0.0,0.0,20.2085,19.920166666666667,75.43116666666667,75.14733333333334,,,,
2024-07-19 04:00:00,17.822515,19.345666666666663,79.144,1.887133333333333,156.70166666666668,918.5114616666668,0.0,0.0,19.48933333333333,19.19,79.28366666666668,78.997,,,,
2024-07-19 05:00:00,17.383699999999997,18.719,82.73,1.6544,160.63166666666666,918.4930866666668,0.0,0.0,18.854666666666667,18.56866666666667,82.87166666666667,82.575,,,,
2024-07-19 06:00:00,16.898249999999997,18.26083333333333,85.61833333333334,1.6767666666666663,162.21166666666667,918.291295,2.547883333333333,0.0,18.402166666666663,18.102,85.76333333333334,85.46166666666666,,,,
2024-07-19 07:00:00,17.386074999999998,18.8915,84.48166666666665,2.6945666666666668,173.605,918.1616916666668,37.112,0.0,19.031,18.73,84.61,84.33666666666666,,,,
2024-07-19 08:00:00,18.796595,20.2645,80.24816666666668,3.013383333333333,173.505,918.1176083333334,124.719,0.0,20.410166666666665,20.1075,80.42183333333334,80.07533333333332,,,,
2024-07-19 09:00:00,21.26334,22.77533333333333,70.81066666666668,3.65915,181.43,918.22718,336.3016666666666,0.0,22.932666666666663,22.626666666666665,71.17716666666666,70.4625,,,,
2024-07-19 10:00:00,23.19595,24.622166666666665,64.73383333333334,3.264533333333333,209.29166666666663,918.507025,309.1183333333333,0.0,24.76633333333333,24.46216666666667,65.1395,64.36866666666667,,,,
2024-07-19 11:00:00,24.103905,26.0265,60.72383333333333,0.9743333333333334,206.2295,918.5659133333334,468.29833333333335,0.0,26.174166666666668,25.86916666666667,61.15833333333333,60.31166666666666,,,,
2024-07-19 12:00:00,25.829175,27.220666666666663,56.55683333333333,2.0113333333333334,198.27623333333327,918.211885,372.1859166666666,0.0,27.373833333333334,27.049666666666667,56.94416666666667,56.189166666666665,0.502875496737655,,,
2024-07-19 13:00:00,21.12284,20.343,80.62633333333333,3.3409,245.34356666666665,919.0101633333333,3.7217,0.0084666666666666,20.515,20.168333333333333,81.29183333333334,79.99316666666667,,,,
2024-07-19 14:00:00,18.70726,21.8915,83.16383333333333,2.340233333333333,118.12433333333334,916.4881516666668,278.6661666666667,0.0042333333333333,22.0665,21.718833333333336,83.94149999999999,82.42616666666666,,,,
2024-07-19 15:00:00,24.81355,26.00483333333333,75.7105,1.5972166666666667,171.76715000000002,916.42985,692.185,0.0042333333333333,26.17183333333333,25.837,77.17533333333333,74.36066666666667,,,,
2024-07-19 16:00:00,27.836965,28.37833333333333,66.95816666666666,2.632766666666667,137.1201,916.2361966666666,677.6283333333333,0.0,28.52983333333333,28.220166666666668,68.0995,65.866,,,,
2024-07-19 17:00:00,27.85903,28.377333333333336,62.57,3.61595,55.41433333333334,916.1333533333332,458.45,0.0,28.531166666666664,28.210500000000003,63.19949999999999,61.9545,,,,
2024-07-19 18:00:00,26.08249,27.043333333333333,66.11583333333333,2.06685,67.17783333333334,916.6183033333332,228.02666666666667,0.0,27.202166666666667,26.86616666666667,66.52633333333333,65.718,,,,
2024-07-19 19:00:00,24.658885,24.6565,75.62233333333333,2.329466666666667,59.255,917.1148133333334,23.4527,0.0,24.799166666666668,24.505166666666664,75.859,75.373,,,,
2024-07-19 20:00:00,22.5427,23.26333333333333,82.32266666666666,1.2379833333333332,119.76166666666668,916.27153,26.33785,0.0,23.410500000000003,23.114166666666662,82.50633333333333,82.13433333333334,,,,
2024-07-19 21:00:00,20.4434,21.396833333333333,91.62833333333332,0.4850833333333333,59.79683333333333,917.29006,0.0,0.0,21.53933333333333,21.244833333333336,91.81333333333332,91.44,,,,
2024-07-19 22:00:00,19.73731,20.706666666666667,92.93,0.4401166666666666,65.10283333333334,917.6494016666668,0.0,0.0,20.856166666666663,20.549,93.095,92.73166666666664,,,,
2024-07-19 23:00:00,18.7501,19.34233333333333,96.48166666666664,0.6617666666666667,45.64278333333333,917.19355,0.0,0.0,19.486666666666668,19.1885,96.63333333333334,96.31333333333332,,,,
2024-07-20 00:00:00,18.78575,19.6665,96.16,1.5356,66.725,918.33683,0.0,0.0,19.8045,19.512,96.315,96.0,,4.491893471386112,5.390272165663334,1.2
2024-07-20 01:00:00,19.3941,19.724,95.835,0.9775833333333334,83.93486666666666,919.018395,0.0,0.0,19.8615,19.58533333333333,95.98666666666666,95.7,,,,
2024-07-20 02:00:00,19.46127,19.729666666666667,94.83,0.70685,79.31016666666666,918.8600333333331,0.0,0.0,19.872166666666665,19.583,94.96333333333334,94.68833333333332,,,,
2024-07-20 03:00:00,19.170525,19.41583333333333,95.45333333333332,1.2422333333333335,48.04643333333333,918.5420383333332,0.0,0.0,19.56833333333333,19.253,95.59166666666668,95.285,,,,
2024-07-20 04:00:00,19.27132,19.468666666666667,95.20666666666666,0.90825,28.1925,918.7916866666668,0.0,0.0,19.620166666666663,19.315666666666665,95.33833333333334,95.04,,,,
2024-07-20 05:00:00,19.44496,19.621166666666667,93.43,1.46055,25.31548333333333,919.2274216666668,0.0,0.0,19.759833333333336,19.474833333333333,93.56833333333334,93.26833333333336,,,,
2024-07-20 06:00:00,19.286865,19.4865,92.74666666666668,1.358766666666667,31.2385,919.711,0.4582333333333333,0.0,19.63066666666667,19.332666666666668,92.885,92.6,,,,
2024-07-20 07:00:00,19.28609,19.131666666666668,93.82166666666669,1.79915,236.1099,919.928825,24.69128333333333,0.0,19.27733333333333,18.97883333333333,93.96333333333334,93.65833333333332,,,,
2024-07-20 08:00:00,19.0819,18.498833333333334,95.93333333333334,1.887983333333333,99.19101666666668,920.3121733333334,60.15,0.0,18.64816666666667,18.34583333333333,96.09,95.78166666666668,,,,
2024-07-20 09:00:00,19.44436,19.348333333333336,91.99666666666668,1.88955,225.30713333333333,920.5787616666668,201.65,0.0,19.4885,19.200333333333333,92.345,91.64333333333336,,,,
2024-07-20 10:00:00,21.688735,21.96783333333333,79.459,2.0124833333333334,152.51086666666666,920.7854383333334,488.4766666666666,0.0,22.12366666666667,21.8125,80.16183333333333,78.7525,,,,
2024-07-20 11:00:00,23.746515,25.040000000000003,61.95116666666667,2.5462333333333333,140.17288333333332,920.7672366666668,699.755,0.0,25.19816666666667,24.863666666666667,63.064,60.98033333333333,,,,
2024-07-20 12:00:00,24.73517,26.58966666666667,49.872166666666665,3.79085,30.039566666666666,920.7857283333334,818.2683333333333,0.0,26.748,26.430333333333333,50.84066666666667,49.02283333333333,0.5354792383560864,,,
2024-07-20 13:00:00,25.07756,27.314166666666665,48.525,3.3874166666666667,39.07441666666667,920.89336,829.765,0.0,27.488,27.131500000000003,49.56966666666666,47.43516666666667,0.6244307010844441,,,
2024-07-20 14:00:00,24.76395,27.49866666666667,45.91933333333333,3.7536166666666655,39.22671666666667,920.634275,754.6716666666667,0.0,27.666166666666665,27.321,47.00216666666667,44.873666666666665,1.4479711406807652,,,
2024-07-20 15:00:00,25.833225,27.936333333333334,43.85666666666667,3.5459666666666667,31.8735,920.3435883333332,750.715,0.0,28.088,27.757,44.945166666666665,42.77783333333333,0.7838677762915411,,,
2024-07-20 16:00:00,25.844925,27.831833333333336,43.81133333333333,3.6728666666666654,45.78566666666666,920.2149616666668,656.815,0.0,27.98783333333333,27.66583333333333,44.6905,42.99083333333333,1.0324104198323574,,,
2024-07-20 17:00:00,25.460665,27.2335,46.41433333333334,2.86815,50.60666666666667,920.3455583333332,484.8083333333333,0.0,27.386333333333333,27.07433333333333,47.276833333333336,45.57716666666667,1.0023442849882334,,,
2024-07-20 18:00:00,24.978905,26.7,48.36383333333333,2.33355,58.325500000000005,919.9565233333334,335.06666666666666,0.0,26.84433333333333,26.54233333333333,48.862,47.901,,,,
2024-07-20 19:00:00,23.8582,25.48933333333333,53.72616666666667,1.2804666666666666,72.46883333333334,920.1432183333332,150.37449999999998,0.0,25.6305,25.35,54.10666666666667,53.35583333333333,,,,
2024-07-20 20:00:00,21.463425,23.683666666666667,60.2305,0.4242499999999999,90.893,920.6232133333334,26.496966666666665,0.0,23.8295,23.53033333333333,60.481,60.015,,,,
2024-07-20 21:00:00,18.694645,21.088166666666663,68.23866666666667,0.29245,112.49666666666668,921.0037316666666,0.0458666666666666,0.0,21.238166666666665,20.9405,68.46700000000001,68.0285,,,,
2024-07-20 22:00:00,16.539845,17.750833333333333,81.07783333333333,0.40475,109.43166666666666,921.5727383333334,0.0,0.0,17.906166666666664,17.5865,81.3605,80.82783333333333,,,,
2024-07-20 23:00:00,14.90305,15.1705,89.95666666666666,1.27205,192.545,921.7404266666668,0.0,0.0,15.3165,15.016666666666667,90.13666666666668,89.75,,,,
2024-07-21 00:00:00,13.84447,13.957333333333333,93.58333333333331,1.303,193.7866666666667,922.1937966666668,0.0,0.0,14.098333333333333,13.819666666666668,93.73166666666664,93.40666666666668,,4.218492536279678,5.062191043535614,1.2
2024-07-21 01:00:00,13.185875,13.2495,95.45166666666668,1.38235,191.63666666666668,922.377665,0.0,0.0,13.389333333333331,13.101333333333336,95.60666666666664,95.30166666666668,,,,
2024-07-21 02:00:00,12.780435,12.8115,96.705,1.4287,190.8383333333333,922.4098433333334,0.0,0.0,12.941,12.656833333333331,96.86,96.54666666666668,,,,
2024-07-21 03:00:00,12.642885,12.618666666666666,97.61666666666666,1.2471833333333333,190.63333333333333,922.3584333333332,0.0,0.0,12.761666666666668,12.469,97.76666666666668,97.43333333333334,,,,
2024-07-21 04:00:00,12.271615,11.993,98.03,1.2811666666666668,191.09666666666664,922.1006783333332,0.0,0.0,12.142166666666666,11.842833333333337,98.19,97.86166666666666,,,,
2024-07-21 05:00:00,11.88813,11.772333333333334,98.62666666666668,1.1835666666666669,190.35,922.0139183333332,0.0,0.0,11.911,11.627166666666666,98.785,98.465,,,,
2024-07-21 06:00:00,11.71133,11.194,98.87833333333332,1.4118,192.4,922.3054083333334,2.7364666666666664,0.0,11.336166666666664,11.037666666666668,99.02333333333333,98.735,,,,
2024-07-21 07:00:00,12.3915,13.624166666666667,99.52,0.4212499999999999,185.8683333333333,922.5097533333334,58.188833333333335,0.0,13.772666666666668,13.473666666666666,99.65666666666668,99.36,,,,
2024-07-21 08:00:00,15.3258,16.494833333333336,94.50166666666668,0.7899499999999999,301.8816666666667,922.71397,191.59333333333333,0.0,16.635166666666667,16.327333333333332,94.74333333333334,94.25166666666668,,,,
2024-07-21 09:00:00,18.645875,19.975,79.305,0.6162666666666666,276.1229,922.769225,350.665,0.0,20.114166666666662,19.8325,79.79566666666666,78.786,,,,
2024-07-21 10:00:00,22.036235,23.212333333333333,63.36866666666666,1.2178,181.1277166666667,922.657755,504.6783333333333,0.0,23.361,23.048333333333336,64.16,62.686,,,,
2024-07-21 11:00:00,24.5266,24.9705,58.306666666666665,1.4565333333333332,111.20365,922.5286833333332,646.9133333333334,0.0,25.1375,24.801666666666662,59.03233333333333,57.62616666666667,,,,
2024-07-21 12:00:00,25.721135,26.00616666666667,53.92816666666667,1.903133333333333,50.37266666666667,922.3122233333332,743.8166666666667,0.0,26.166833333333333,25.835500000000003,54.69566666666666,53.1965,,,,
2024-07-21 13:00:00,24.417585000000003,26.805,48.89783333333333,1.9649333333333328,74.51911666666666,921.9423716666666,732.785,0.0,26.97433333333333,26.6235,49.93116666666666,47.902166666666666,0.1462639659205951,,,
2024-07-21 14:00:00,24.945285,27.71433333333333,43.61816666666667,2.0515,76.26016666666666,921.38063,794.0433333333333,0.0,27.884166666666665,27.53833333333333,44.38666666666666,42.88583333333334,0.2655037218728941,,,
2024-07-21 15:00:00,25.757725,27.889666666666667,45.69533333333333,2.0599666666666665,63.057,920.5558766666668,718.285,0.0,28.0465,27.72283333333333,46.71683333333333,44.811166666666665,0.0919590233004767,,,
2024-07-21 16:00:00,25.68965,27.9555,44.714000000000006,2.31315,63.848333333333336,920.0817916666668,643.7333333333333,0.0,28.112,27.788666666666664,45.53716666666666,43.99366666666666,0.4748339341552685,,,
2024-07-21 17:00:00,25.350430000000003,27.846833333333333,44.899,1.9271833333333328,74.27116666666667,919.6929566666666,498.5366666666667,0.0,28.00783333333333,27.683333333333334,45.60766666666667,44.25783333333333,0.8040696702610555,,,
2024-07-21 18:00:00,24.85444,27.42383333333333,44.97166666666667,1.4124166666666669,81.76816666666667,919.6660133333334,310.00166666666667,0.0,27.5725,27.26633333333333,45.54183333333333,44.5015,,,,
2024-07-21 19:00:00,23.33492,25.73166666666667,48.7265,0.6733666666666667,79.17083333333333,919.8813683333334,72.81283333333333,0.0,25.8805,25.5875,49.0765,48.35416666666666,,,,
2024-07-21 20:00:00,21.16904,24.05666666666667,54.478,0.2239333333333333,89.26299999999999,919.958165,5.227516666666667,0.0,24.204166666666666,23.90083333333333,54.6285,54.32266666666667,,,,
2024-07-21 21:00:00,19.60291,22.1965,62.438,0.6770166666666667,144.79666666666665,920.3231616666668,0.0,0.0,22.34016666666667,22.05366666666667,62.569,62.30033333333333,,,,
2024-07-21 22:00:00,19.758375,21.581333333333337,68.47433333333333,1.3363166666666666,129.9269666666667,921.19382,0.0,0.0127,21.734,21.4325,68.85466666666666,68.11116666666666,,,,
2024-07-21 23:00:00,18.183665,18.82283333333333,90.04333333333334,1.3525666666666667,185.36166666666668,920.5965916666668,0.0,0.0254,18.971,18.661,90.36666666666666,89.71499999999999,,,,
2024-07-22 00:00:00,17.15334,18.771,89.295,0.74965,194.05,920.31375,0.0,0.0296333333333333,18.919500000000003,18.611,89.55333333333333,89.055,,4.425297055945003,5.310356467134003,1.2
2024-07-22 01:00:00,16.263255,17.397499999999997,94.57833333333332,0.2173666666666666,66.53475,920.2950833333332,0.0,0.0042333333333333,17.52733333333333,17.242166666666666,94.74833333333332,94.39333333333336,,,,
2024-07-22 02:00:00,16.302415,17.2515,94.05166666666668,1.6987333333333334,128.493,920.8181216666668,0.0,0.0,17.395500000000002,17.089833333333335,94.28166666666668,93.80833333333334,,,,
2024-07-22 03:00:00,16.71057,16.8965,95.21666666666668,2.33605,60.3256,921.0841716666667,0.0,0.0084666666666666,17.033166666666666,16.737666666666666,95.56166666666668,94.91,,,,
2024-07-22 04:00:00,15.80259,16.514833333333332,91.15666666666668,2.08115,172.355,919.7026183333332,0.0,0.0084666666666666,16.665,16.3555,91.625,90.655,,,,
2024-07-22 05:00:00,15.68103,16.564,95.41333333333334,0.8502833333333334,150.72333333333333,919.3308366666666,0.0,0.0084666666666666,16.707666666666668,16.415,95.565,95.23666666666666,,,,
2024-07-22 06:00:00,15.77554,16.368333333333332,97.26,1.0594666666666666,288.47,919.9725733333332,2.7433,0.0042333333333333,16.513833333333334,16.207,97.40333333333334,97.10166666666667,,,,
2024-07-22 07:00:00,15.81849,17.214333333333332,97.11666666666666,0.4649833333333333,205.30900000000003,919.7981516666666,66.24183333333333,0.0042333333333333,17.360666666666667,17.05366666666667,97.26,96.96666666666668,,,,
2024-07-22 08:00:00,18.22211,18.626166666666663,93.15666666666668,0.3645833333333333,140.76566666666668,919.76714,155.21,0.0,18.769166666666667,18.472,93.44166666666666,92.865,,,,
2024-07-22 09:00:00,19.08457,19.226333333333333,90.19833333333332,1.5313333333333332,65.12116666666667,920.0841183333332,324.67333333333335,0.0042333333333333,19.367666666666665,19.06533333333333,90.705,89.67333333333333,,,,
2024-07-22 10:00:00,20.8106,20.759666666666664,81.03,1.0931333333333333,67.33078333333333,920.1830933333332,510.2933333333333,0.0,20.90716666666667,20.62283333333333,82.11,79.98716666666668,,,,
2024-07-22 11:00:00,22.476375,22.805333333333333,70.153,0.8065333333333334,142.5147,919.9980883333334,660.2016666666666,0.0042333333333333,22.95433333333333,22.654666666666667,71.31933333333333,69.0835,,,,
2024-07-22 12:00:00,23.644555,24.8645,60.27333333333333,0.8379,195.32148333333333,919.6856416666668,773.8383333333334,0.0,25.01783333333333,24.696666666666665,61.41366666666667,59.24566666666667,,,,
2024-07-22 13:00:00,24.453925,25.94233333333333,54.12683333333334,1.2187333333333332,218.06231666666665,919.2153883333334,813.7166666666667,0.0,26.115333333333336,25.779,55.517500000000005,52.9945,,,,
2024-07-22 14:00:00,25.15636,27.150666666666663,50.502833333333335,1.0489,102.138,918.8906033333332,809.1433333333333,0.0,27.307,26.986833333333333,51.78416666666667,49.342666666666666,,,,
2024-07-22 15:00:00,25.654105,27.889,47.8685,1.357816666666667,149.80986666666666,918.3433866666668,763.1866666666666,0.0,28.04133333333333,27.716833333333334,49.148,46.64416666666667,,,,
2024-07-22 16:00:00,25.73248,27.918666666666663,45.301833333333335,1.69255,55.90783333333333,917.8231,646.5983333333334,0.0,28.07333333333333,27.754166666666663,46.6065,44.08416666666666,0.0283619793529795,,,
2024-07-22 17:00:00,25.74665,27.835833333333333,47.50083333333334,1.339783333333333,67.38483333333333,917.5050233333334,505.0466666666667,0.0,27.98883333333333,27.675833333333333,48.72566666666667,46.299,0.0277164471292576,,,
2024-07-22 18:00:00,25.29245,27.09583333333333,51.084833333333336,1.61035,61.52966666666667,917.2583516666668,311.68833333333333,0.0,27.25133333333333,26.94183333333333,52.016666666666666,50.165333333333336,,,,
2024-07-22 19:00:00,23.94356,26.359166666666667,53.190333333333335,0.6769833333333334,102.33766666666666,917.3786883333332,142.7895,0.0,26.502666666666663,26.2095,53.951,52.56933333333333,,,,
2024-07-22 20:00:00,21.925315,24.434166666666663,61.22316666666666,0.4504333333333333,120.7085,917.5062733333332,28.40178333333333,0.0,24.58233333333333,24.28033333333333,61.7615,60.73983333333333,,,,
2024-07-22 21:00:00,19.39084,22.222166666666663,69.693,1.2320166666666668,152.855,917.7781083333334,0.0,0.0,22.35833333333333,22.088833333333334,69.91233333333334,69.47833333333332,,,,
2024-07-22 22:00:00,18.716885,21.386666666666667,73.31366666666666,2.2245166666666667,164.03833333333333,918.3863383333334,0.0,0.0,21.529,21.244000000000003,73.49050000000001,73.15233333333335,,,,
2024-07-22 23:00:00,18.40572,19.985166666666668,80.43716666666666,2.6444,170.93833333333333,918.7558433333332,0.0,0.0,20.127666666666663,19.829833333333333,80.59333333333333,80.28133333333334,,,,
2024-07-23 00:00:00,17.694645,19.432333333333336,81.64166666666667,2.370983333333333,171.025,918.9985633333332,0.0,0.0,19.5705,19.27883333333333,81.78166666666667,81.47833333333332,,4.687825863595074,5.625391036314088,1.2
2024-07-23 01:00:00,17.40495,19.09733333333333,84.62666666666668,1.8005833333333332,184.76166666666668,918.8865283333332,0.0,0.0,19.244333333333334,18.93183333333333,84.81166666666667,84.425,,,,
2024-07-23 02:00:00,16.79791,18.0575,90.255,1.6032000000000002,191.3983333333333,918.789235,0.0,0.0,18.2,17.89333333333333,90.44333333333334,90.06,,,,
2024-07-23 03:00:00,15.643725,17.018666666666668,93.78333333333332,0.7151333333333334,98.38,918.5775466666668,0.0,0.0,17.175166666666666,16.851833333333335,93.935,93.60166666666667,,,,
2024-07-23 04:00:00,14.792535,15.843833333333333,96.05666666666666,0.0,0.0,918.5747483333332,0.0,0.0,15.984333333333332,15.691666666666666,96.24,95.865,,,,
2024-07-23 05:00:00,14.189725,14.794666666666666,96.99333333333334,0.4313,83.4,918.8466833333332,0.0,0.0,14.940333333333331,14.647833333333333,97.14333333333336,96.83,,,,
2024-07-23 06:00:00,13.53964,14.081666666666669,98.105,1.2601833333333334,190.42,918.9675466666666,2.71725,0.0,14.221666666666666,13.9445,98.25333333333332,97.95833333333331,,,,
2024-07-23 07:00:00,14.042845,15.445666666666666,97.82833333333332,0.56345,106.12666666666668,918.9774166666666,61.873000000000005,0.0,15.593,15.296,97.98333333333332,97.68333333333334,,,,
2024-07-23 08:00:00,16.678075,18.70266666666667,88.87666666666668,0.1663,70.66333333333334,919.2177783333334,189.4533333333333,0.0,18.858,18.53183333333333,89.38000000000001,88.395,,,,
2024-07-23 09:00:00,19.7197,21.7765,74.76383333333334,0.5325333333333333,186.1781333333333,919.2265083333332,348.68666666666667,0.0,21.928,21.62316666666667,75.53716666666666,74.11566666666666,,,,
2024-07-23 10:00:00,22.690645,24.693666666666665,65.61449999999999,0.7637833333333333,183.6096333333333,919.139505,516.8516666666667,0.0,24.8395,24.530666666666665,66.51566666666666,64.673,,,,
2024-07-23 11:00:00,24.39086,26.79416666666667,53.13533333333333,1.6243333333333334,209.56333333333333,919.2323966666668,650.4266666666666,0.0,26.94633333333333,26.63266666666667,54.13916666666667,52.07816666666667,,,,
2024-07-23 12:00:00,25.198410000000003,28.278,45.90766666666666,1.8118833333333333,207.57333333333327,919.108745,743.2900000000001,0.0,28.4345,28.11233333333333,47.0775,44.86866666666666,0.327491272965376,,,
2024-07-23 13:00:00,25.717885000000003,29.241666666666667,41.17166666666667,1.4513833333333332,191.4096,918.6628483333334,799.7183333333334,0.0,29.412,29.0715,42.354000000000006,40.09816666666666,0.114287753445936,,,
2024-07-23 14:00:00,26.34195,30.280166666666663,37.025,1.60655,169.89351666666667,918.3102116666666,781.59,0.0,30.436666666666667,30.119000000000003,38.18333333333333,35.973499999999994,0.4061219592316999,,,
2024-07-23 15:00:00,26.2271,30.820666666666668,34.093666666666664,1.7688666666666668,147.2,918.141785,726.495,0.0,30.974,30.659,35.17333333333333,33.06966666666667,0.9460664212625338,,,
2024-07-23 16:00:00,26.81323,31.070666666666668,36.739333333333335,1.3071166666666665,113.805,918.172495,610.3083333333333,0.0,31.23,30.9165,37.93066666666667,35.714333333333336,0.608240761966837,,,
2024-07-23 17:00:00,26.54225,30.147,44.92116666666666,1.6740166666666667,83.146,917.981715,449.3316666666667,0.0,30.302166666666665,29.984666666666666,46.12716666666667,43.85883333333333,1.4996909908785996,,,
2024-07-23 18:00:00,26.42979,28.750166666666665,53.01199999999999,1.60545,74.67566666666667,917.8210033333332,281.6816666666667,0.0,28.8925,28.594,53.8485,52.265,,,,
2024-07-23 19:00:00,25.82238,28.6535,47.316,2.1960166666666665,156.88333333333333,917.9167416666668,134.63283333333334,0.0,28.8005,28.49816666666667,47.90683333333333,46.787,,,,
2024-07-23 20:00:00,,26.41733333333333,53.79583333333333,2.2417666666666665,158.07000000000002,918.209485,31.82323333333333,0.0,26.55333333333333,26.26683333333333,54.032,53.572,,,,
2024-07-23 21:00:00,,24.472166666666663,57.094,2.7212166666666664,155.69500000000002,918.5289633333334,0.0,0.0,24.61683333333333,24.31683333333333,57.2895,56.904,,,,
2024-07-23 22:00:00,,22.83333333333333,62.8635,2.848716666666667,168.79166666666666,919.0581483333332,0.0,0.0,22.983,22.6785,63.03566666666666,62.694833333333335,,,,
2024-07-23 23:00:00,,21.2755,70.62966666666667,2.778966666666667,167.64166666666668,919.456145,0.0,0.0,21.420166666666667,21.123,70.77433333333333,70.49333333333334,,,,
2024-07-24 00:00:00,,21.2185,70.08616666666667,3.109366666666667,174.50666666666666,919.6963,0.0,0.0,21.365166666666667,21.067,70.27600000000001,69.89166666666667,,5.47137511702967,6.565650140435603,1.2
2024-07-24 01:00:00,,20.942,73.72416666666666,3.6065833333333335,185.9333333333333,919.767515,0.0,0.0,21.0855,20.7875,73.95083333333334,73.50383333333333,,,,
2024-07-24 02:00:00,,20.798166666666663,71.52066666666666,3.55945,185.5283333333333,919.781615,0.0,0.0,20.941333333333333,20.640833333333333,71.75266666666667,71.26783333333333,,,,
2024-07-24 03:00:00,,20.606,69.67216666666667,3.3499166666666667,183.97,919.7065483333332,0.0,0.0,20.76,20.44683333333333,69.88083333333334,69.468,,,,
2024-07-24 04:00:00,,19.18616666666667,77.5635,2.4709166666666667,204.15,919.851475,0.0,0.0,19.331833333333336,19.03083333333333,77.73916666666668,77.37650000000001,,,,
2024-07-24 05:00:00,,16.996333333333332,84.69966666666666,0.8026166666666668,198.4333333333333,920.109935,0.0,0.0,17.155666666666665,16.828,85.03516666666665,84.38066666666667,,,,
2024-07-24 06:00:00,,14.353833333333334,93.57833333333332,0.6448833333333333,143.71,920.1665466666668,2.107683333333333,0.0,14.491,14.211333333333334,93.81,93.32833333333332,,,,
2024-07-24 07:00:00,,14.749833333333331,95.19,0.1269333333333333,99.525,920.39198,59.8015,0.0,14.898666666666664,14.587666666666667,95.33,95.03166666666668,,,,
2024-07-24 08:00:00,,17.750999999999998,88.73333333333333,0.3663333333333333,229.84226666666663,920.7211483333334,196.12166666666664,0.0,17.904166666666665,17.601666666666667,89.08333333333333,88.36149999999999,,,,
2024-07-24 09:00:00,,21.038,72.41633333333333,0.7181833333333334,293.12953333333337,921.0007633333332,355.69,0.0,21.176666666666662,20.891666666666666,73.10416666666667,71.7145,,,,
2024-07-24 10:00:00,,24.484,59.05416666666667,0.9004833333333333,318.16285,920.9674733333334,521.0066666666667,0.0,24.62833333333333,24.3255,60.05383333333334,58.12383333333333,,,,
2024-07-24 11:00:00,,27.71333333333333,52.81366666666667,0.6926333333333333,217.76711666666668,920.8050366666666,653.0699999999999,0.0,27.8675,27.54283333333333,53.97366666666667,51.74633333333333,,,,
2024-07-24 12:00:00,26.633000000000003,30.708666666666662,45.76916666666667,1.1800666666666666,124.24655,920.508845,761.5699999999999,0.0,30.850666666666665,30.553166666666662,47.57833333333333,44.01983333333333,0.0975927717731522,,,
2024-07-24 13:00:00,27.23121,32.463166666666666,35.69733333333333,1.7292333333333334,106.6278,920.3089716666668,805.58,0.0,32.61066666666667,32.30583333333333,37.65133333333333,33.733,0.9252818052965248,,,
2024-07-24 14:00:00,27.49469,32.77483333333333,31.115166666666667,2.057633333333333,56.78483333333334,920.16013,786.6949999999999,0.0,32.925666666666665,32.61216666666667,32.658166666666666,29.55816666666667,1.377415981415783,,,
2024-07-24 15:00:00,27.97406,33.163333333333334,34.5415,2.0196166666666664,93.88883333333334,920.0377416666666,718.2866666666666,0.0,33.3095,32.9965,36.252,32.94566666666667,1.5286622034937838,,,
2024-07-24 16:00:00,28.471555,34.21266666666667,27.007,2.1053333333333333,156.39783333333335,919.8280683333334,615.2366666666666,0.0,34.3735,34.056333333333335,28.168666666666663,26.019,,,,
2024-07-24 17:00:00,28.05614,33.82416666666667,27.286,2.7133333333333334,170.83166666666665,919.6824983333332,463.625,0.0,33.973,33.663,28.1605,26.488166666666665,,,,
2024-07-24 18:00:00,27.6462,33.183166666666665,29.37033333333333,2.959233333333333,163.47166666666666,919.6708183333334,297.0433333333333,0.0,33.32266666666666,33.029833333333336,29.9765,28.793333333333333,,,,
2024-07-24 19:00:00,27.097755,31.741333333333333,33.42816666666667,2.578233333333333,159.90666666666667,919.40612,142.8155,0.0,31.88266666666667,31.584166666666665,33.853833333333334,33.00983333333333,,,,
2024-07-24 20:00:00,25.937865,29.333,40.57716666666667,2.577933333333333,154.46833333333333,919.3092266666666,31.05645,0.0,29.479166666666668,29.17,40.78816666666667,40.38483333333333,,,,
2024-07-24 21:00:00,24.038225,26.939,46.74333333333333,2.5391666666666666,162.53333333333333,919.4887933333332,0.0,0.0,27.08383333333333,26.790333333333333,46.9455,46.54233333333333,,,,
2024-07-24 22:00:00,23.198825,25.816333333333333,50.02016666666667,3.435383333333333,170.17833333333334,919.9951416666668,0.0,0.0,25.94683333333333,25.657,50.16166666666666,49.87833333333333,,,,
2024-07-24 23:00:00,23.040275,24.97,52.772666666666666,3.8149666666666655,169.38833333333332,920.3145433333334,0.0,0.0,25.104,24.81833333333333,52.93816666666667,52.613166666666665,,,,
2024-07-25 00:00:00,22.41411,23.813166666666667,56.12916666666667,3.2302833333333334,169.775,920.747485,0.0,0.0,23.969,23.65483333333333,56.285,55.97883333333333,,6.571714025884692,7.88605683106163,1.2
2024-07-25 01:00:00,21.431125,22.871,59.051,3.1922833333333336,182.0183333333333,920.8540233333332,0.0,0.0,23.014333333333333,22.73116666666667,59.18483333333334,58.92583333333334,,,,
2024-07-25 02:00:00,20.508235,21.207,65.82216666666666,2.2117,187.21666666666667,920.6225,0.0,0.0,21.354666666666667,21.0495,66.00083333333333,65.64083333333333,,,,
2024-07-25 03:00:00,19.59605,20.146666666666665,72.95233333333334,2.065233333333333,188.65666666666667,920.4933583333332,0.0,0.0,20.287666666666667,19.994000000000003,73.11466666666666,72.78533333333333,,,,
2024-07-25 04:00:00,18.45599,19.80333333333333,73.99533333333333,1.4280000000000002,171.24033333333333,920.5292883333332,0.0,0.0,19.9545,19.648333333333333,74.20533333333333,73.77733333333335,,,,
2024-07-25 05:00:00,16.361665000000002,17.847666666666665,83.05199999999999,0.2882,75.60433333333334,920.6407883333334,0.0,0.0,17.990333333333336,17.696,83.30266666666667,82.777,,,,
2024-07-25 06:00:00,15.110635,16.53666666666667,88.44,0.1297833333333333,93.05661666666668,920.814225,1.87955,0.0,16.67866666666667,16.380333333333333,88.66666666666667,88.19666666666667,,,,
2024-07-25 07:00:00,15.174264999999998,17.115666666666666,86.8,0.0611666666666666,65.915,920.8936916666668,60.0965,0.0,17.256666666666668,16.9615,87.095,86.48666666666666,,,,
2024-07-25 08:00:00,17.956975,19.85183333333333,78.88183333333333,0.5405333333333334,241.81936666666667,920.9874466666666,209.42166666666665,0.0,19.994333333333334,19.6915,79.46466666666667,78.34933333333333,,,,
2024-07-25 09:00:00,21.97627,25.38833333333333,57.121,1.3251333333333333,224.28333333333333,920.8468216666666,383.1233333333333,0.0,25.552666666666667,25.22233333333333,58.2145,56.008,,,,
2024-07-25 10:00:00,25.121565,28.870166666666663,47.117,1.4805166666666667,196.34,920.5574583333332,552.5566666666667,0.0,29.03,28.71,48.1395,46.1215,,,,
2024-07-25 11:00:00,27.092535,32.098,38.3155,1.6973833333333337,191.12166666666664,920.2183883333332,691.3116666666666,0.0,32.259166666666665,31.9325,39.61300000000001,37.203,,,,
2024-07-25 12:00:00,27.74159,34.485,28.79983333333333,3.143333333333333,195.13166666666663,919.8192633333332,792.7966666666667,0.0,34.645833333333336,34.315666666666665,29.842,27.880166666666664,,,,
2024-07-25 13:00:00,28.655990000000003,35.6345,24.599833333333333,3.9005666666666654,185.8883333333333,919.398735,837.8666666666667,0.0,35.791333333333334,35.4715,25.38283333333333,23.8215,,,,
2024-07-25 14:00:00,29.03665,36.1395,22.592166666666667,3.82035,177.89666666666665,919.1004166666668,826.7666666666667,0.0,36.3055,35.963166666666666,23.44383333333333,21.7715,,,,
2024-07-25 15:00:00,29.000575,36.39683333333333,21.076,3.92,177.28333333333333,918.64437,764.365,0.0,36.5545,36.22816666666667,21.813166666666667,20.38266666666667,,,,
2024-07-25 16:00:00,29.29521,36.37033333333333,22.90266666666667,4.2465,160.51833333333337,918.179505,644.1666666666666,0.0,36.52216666666666,36.20283333333334,23.544,22.366666666666667,,,,
2024-07-25 17:00:00,29.408505,35.739000000000004,24.804,4.602266666666667,162.91833333333335,918.004555,499.4266666666666,0.0,35.89533333333333,35.583333333333336,25.247333333333334,24.387666666666668,,,,
2024-07-25 18:00:00,29.08018,34.5885,26.91783333333333,4.6728,162.04500000000002,917.6666466666668,326.59666666666664,0.0,34.729,34.435500000000005,27.28983333333333,26.54733333333333,,,,
2024-07-25 19:00:00,28.183205,32.5735,32.0895,4.190766666666667,161.845,917.5451866666666,153.01166666666668,0.0,32.72,32.4185,32.3355,31.85616666666667,,,,
2024-07-25 20:00:00,26.810005,30.123,37.179833333333335,4.298966666666667,161.09333333333333,917.6028283333332,33.667,0.0,30.275166666666667,29.9655,37.323166666666665,37.05216666666667,,,,
2024-07-25 21:00:00,24.824115,28.1085,41.123666666666665,4.32925,161.44666666666666,917.6032666666669,0.0,0.0,28.2505,27.958666666666662,41.25383333333333,41.006,,,,
2024-07-25 22:00:00,23.371125,26.0495,46.10083333333333,3.68395,167.73999999999998,917.910455,0.0,0.0,26.1975,25.897166666666667,46.23366666666666,45.97566666666667,,,,
2024-07-25 23:00:00,22.085425,25.058333333333334,47.54683333333333,4.0754,166.02666666666667,917.9117783333334,0.0,0.0,25.202166666666667,24.900166666666667,47.66783333333333,47.42733333333333,,,,
2024-07-26 00:00:00,21.238225,23.860666666666667,51.5405,3.62515,169.47333333333333,917.89328,0.0,0.0,24.001,23.706166666666668,51.66483333333333,51.41983333333334,,7.7977750809192585,9.35733009710311,1.2
2024-07-26 01:00:00,20.916855,23.538833333333333,55.89983333333334,3.92515,178.11499999999998,918.070745,0.0,0.0,23.685166666666667,23.3845,56.031333333333336,55.76883333333333,,,,
2024-07-26 02:00:00,20.42541,22.1625,62.84316666666667,3.308316666666667,184.525,917.805935,0.0,0.0,22.302833333333336,22.0195,62.98683333333334,62.6865,,,,
2024-07-26 03:00:00,19.311485,21.0405,67.10233333333333,3.333183333333333,187.37166666666664,917.394555,0.0,0.0,21.187666666666665,20.88733333333333,67.23983333333334,66.966,,,,
2024-07-26 04:00:00,18.429655,20.380666666666663,69.2675,3.0993666666666666,186.625,917.1382466666668,0.0,0.0,20.52266666666667,20.2305,69.42366666666666,69.1135,,,,
2024-07-26 05:00:00,18.50285,21.235166666666665,64.79216666666667,3.8462666666666654,182.1833333333333,916.9666666666668,0.0,0.0,21.379,21.079,64.9555,64.62533333333333,,,,
2024-07-26 06:00:00,19.10964,21.155666666666665,65.07383333333333,4.119533333333333,180.47,916.7193516666666,1.67385,0.0,21.29883333333333,21.00883333333333,65.21333333333334,64.9435,,,,
2024-07-26 07:00:00,18.753225,20.970166666666668,66.15433333333334,3.6508666666666665,177.85,916.7723233333332,59.28716666666666,0.0,21.106166666666663,20.831166666666665,66.30766666666666,66.00666666666667,,,,
2024-07-26 08:00:00,19.733775,22.211166666666667,62.06583333333333,3.975916666666667,182.1383333333333,916.8874433333332,225.995,0.0,22.34433333333333,22.072666666666667,62.348333333333336,61.774,,,,
2024-07-26 09:00:00,21.716865,25.18566666666667,51.82816666666667,4.936683333333334,188.96666666666667,916.7365683333334,406.66,0.0,25.332,25.035166666666665,52.31516666666666,51.36283333333333,,,,
2024-07-26 10:00:00,24.189120000000003,28.172833333333337,42.7835,4.947466666666667,183.655,916.3489916666666,573.5383333333334,0.0,28.321166666666667,28.014,43.33566666666666,42.32483333333333,,,,
2024-07-26 11:00:00,25.69216,30.3905,38.246833333333335,4.691883333333333,173.63166666666666,915.9679,719.0916666666667,0.0,30.541666666666668,30.22883333333333,38.88,37.693,,,,
2024-07-26 12:00:00,27.105875,32.00933333333333,35.03483333333334,5.141900000000001,169.98999999999998,915.5151933333332,815.3283333333333,0.0,32.17333333333333,31.833666666666662,35.65333333333333,34.50066666666667,,,,
2024-07-26 13:00:00,25.4142,33.29816666666667,32.0845,5.9920333333333335,172.06166666666667,914.903905,860.0,0.0,33.465,33.12383333333334,32.60133333333333,31.56583333333333,,,,
2024-07-26 14:00:00,22.68604,34.097166666666666,28.897,6.1882166666666665,189.225,914.4500816666666,849.1,0.0,34.26916666666667,33.912,29.4515,28.385,,,,
2024-07-26 15:00:00,27.845505000000003,34.71966666666666,27.99983333333333,5.835233333333333,184.65666666666667,913.84057,783.8,0.0,34.87883333333333,34.561166666666665,28.586,27.456333333333337,,,,
2024-07-26 16:00:00,28.3213,34.80533333333334,27.71916666666667,5.9575,181.2633333333333,913.24284,671.0016666666667,0.0,34.97266666666667,34.6285,28.210500000000003,27.279333333333334,,,,
2024-07-26 17:00:00,28.30944,34.56933333333333,28.09433333333333,5.661866666666667,168.71833333333333,912.6122966666668,516.32,0.0,34.73083333333333,34.39566666666667,28.462,27.740666666666662,,,,
2024-07-26 18:00:00,28.282075,33.669666666666664,30.544833333333333,5.31255,160.57999999999998,912.22638,340.25333333333333,0.0,33.818666666666665,33.509166666666665,30.803166666666662,30.282,,,,
2024-07-26 19:00:00,28.91559,32.042833333333334,32.83166666666667,5.118433333333333,160.735,912.3347133333332,153.90983333333332,0.0,32.19116666666667,31.883666666666667,33.03816666666667,32.63766666666667,,,,
2024-07-26 20:00:00,27.348275,29.509833333333333,38.69533333333333,3.285616666666667,157.84333333333333,912.691415,24.42585,0.0,29.648333333333333,29.3585,38.83133333333333,38.559,,,,
2024-07-26 21:00:00,24.671405,27.163833333333333,45.484,3.511816666666667,156.81,913.1484033333332,0.0,0.0,27.294833333333333,27.020666666666667,45.59933333333333,45.373000000000005,,,,
2024-07-26 22:00:00,24.39019,26.225,47.78516666666667,4.3475166666666665,159.36499999999998,913.3877016666668,0.0,0.0,26.37,26.07483333333333,47.9045,47.67933333333333,,,,
2024-07-26 23:00:00,23.905085,25.17933333333333,52.44883333333333,5.249133333333333,162.605,913.4089116666668,0.0,0.0,25.32483333333333,25.02083333333333,52.571333333333335,52.334500000000006,,,,
2024-07-27 00:00:00,23.426225,24.738,55.461,5.645316666666667,169.42833333333334,913.6553766666668,0.0,0.0,24.88116666666667,24.587333333333333,55.57716666666667,55.34316666666667,,7.590226664888781,9.108271997866536,1.2
2024-07-27 01:00:00,23.158665,24.357666666666667,57.38066666666667,4.718066666666667,162.31666666666666,913.7824416666666,0.0,0.0,24.50283333333333,24.2045,57.511833333333335,57.2555,,,,
2024-07-27 02:00:00,22.522125000000003,24.04983333333333,58.532,4.8095,161.34,913.2956,0.0,0.0,24.185,23.89333333333333,58.67116666666666,58.3975,,,,
2024-07-27 03:00:00,22.648275,23.608666666666668,60.0005,5.579133333333333,168.67333333333332,912.7881816666668,0.0,0.0,23.752,23.452666666666666,60.1225,59.8785,,,,
2024-07-27 04:00:00,21.833025,22.600666666666665,63.62583333333334,3.90685,161.44333333333333,912.8087016666668,0.0,0.0,22.742666666666665,22.46733333333333,63.7595,63.51016666666667,,,,
2024-07-27 05:00:00,20.39045,21.672833333333333,66.7365,4.1010333333333335,160.32833333333335,912.55563,0.0,0.0,21.81383333333333,21.531333333333336,66.86866666666667,66.61166666666666,,,,
2024-07-27 06:00:00,19.799665,21.04533333333333,69.88983333333334,4.19715,165.03833333333333,912.6633183333336,1.42555,0.0,21.189166666666665,20.898333333333333,70.02416666666666,69.75016666666667,,,,
2024-07-27 07:00:00,19.569485,20.823833333333333,71.9745,4.176683333333333,159.75,912.84655,46.4905,0.0,20.970333333333333,20.6715,72.10799999999999,71.84183333333334,,,,
2024-07-27 08:00:00,20.491155,21.81066666666667,69.188,4.113933333333334,164.03,913.0122816666668,141.4515,0.0,21.95283333333333,21.66883333333333,69.365,68.9995,,,,
2024-07-27 09:00:00,22.853315,24.55816666666667,60.25716666666666,4.960133333333333,186.78333333333333,913.333985,408.1766666666666,0.0,24.702166666666667,24.39466666666667,60.681333333333335,59.85966666666666,,,,
2024-07-27 10:00:00,25.66736,26.9905,52.2135,5.556749999999999,191.575,913.16497,548.5583333333333,0.0,27.145333333333333,26.838833333333334,52.70916666666667,51.737,,,,
2024-07-27 11:00:00,27.099065,29.09133333333333,45.747,6.1192,180.435,912.3988233333332,700.3283333333333,0.0,29.24533333333333,28.92183333333333,46.20433333333334,45.31366666666667,,,,
2024-07-27 12:00:00,27.952655,30.5525,41.53866666666667,6.454833333333334,178.06,911.987805,778.8083333333333,0.0,30.72283333333333,30.38283333333333,42.006166666666665,41.09066666666667,,,,
2024-07-27 13:00:00,28.867330000000003,32.04983333333333,38.35166666666667,6.260566666666667,180.84,911.372125,867.0,0.0,32.229166666666664,31.865333333333336,38.853,37.85316666666667,,,,
2024-07-27 14:00:00,29.359375,32.73233333333334,36.0895,6.248283333333333,172.27166666666665,910.6485583333334,767.94,0.0,32.905166666666666,32.559999999999995,36.491,35.7135,,,,
2024-07-27 15:00:00,30.097905,33.737833333333334,33.879666666666665,6.463533333333333,170.625,910.1332783333334,792.135,0.0,33.897166666666664,33.56616666666667,34.26366666666667,33.527166666666666,,,,
2024-07-27 16:00:00,30.323625,34.08133333333333,32.396166666666666,6.602866666666667,174.70499999999998,909.558375,666.66,0.0,34.23633333333333,33.9155,32.740833333333335,32.05716666666667,,,,
2024-07-27 17:00:00,30.25219,33.97816666666667,32.095166666666664,6.1666,180.57333333333327,909.016235,491.56666666666666,0.0,34.120333333333335,33.81783333333333,32.42216666666666,31.79883333333333,,,,
2024-07-27 18:00:00,29.436335,33.13766666666667,33.421,5.970283333333333,170.8,908.29336,310.38666666666666,0.0,33.29116666666667,32.96966666666667,33.6725,33.173833333333334,,,,
2024-07-27 19:00:00,29.113635,31.480166666666666,38.2125,5.0512,161.06333333333333,908.2431366666666,104.72366666666667,0.0,31.629166666666663,31.31983333333333,38.3795,38.059666666666665,,,,
2024-07-27 20:00:00,27.33309,29.49816666666667,43.15716666666666,2.765283333333333,152.89833333333334,909.1045233333332,21.1688,0.0,29.64483333333333,29.341166666666663,43.294,43.03233333333333,,,,
2024-07-27 21:00:00,25.6149,28.175166666666662,47.03616666666667,2.80525,149.68666666666667,909.2979966666668,0.0,0.0,28.319666666666667,28.028166666666667,47.156666666666666,46.918,,,,
2024-07-27 22:00:00,25.667915,27.499333333333333,50.47183333333333,3.921133333333333,155.67666666666668,909.89178,0.0,0.0,27.64483333333333,27.341666666666665,50.58616666666667,50.35816666666667,,,,
2024-07-27 23:00:00,25.375715,24.89933333333333,60.89783333333333,3.72795,270.40833333333336,912.1092933333332,0.0,0.0,25.0715,24.724,61.2775,60.5145,,,,
2024-07-28 00:00:00,19.356385,18.2675,94.27166666666668,1.7354833333333337,273.285,913.785165,0.0,0.0169333333333333,18.41183333333333,18.11683333333333,94.51166666666668,94.03,,5.071895456728589,6.086274548074306,1.2
2024-07-28 01:00:00,17.84306,18.67366666666667,90.285,1.7356,224.43666666666667,914.0622783333332,0.0,0.0042333333333333,18.811,18.51533333333333,90.53333333333332,90.02833333333334,,,,
2024-07-28 02:00:00,17.509775,17.958000000000002,93.06833333333334,1.36245,254.28583333333333,913.7096133333332,0.0,0.0042333333333333,18.101666666666667,17.795333333333335,93.24333333333334,92.88666666666668,,,,
2024-07-28 03:00:00,17.093325,17.693833333333334,93.955,1.55085,162.90333333333334,910.98137,0.0,0.0084666666666666,17.83133333333333,17.536833333333334,94.145,93.77666666666669,,,,
2024-07-28 04:00:00,16.955264999999997,17.344833333333334,96.54666666666668,0.6731,102.00966666666666,909.8166,0.0,0.0042333333333333,17.482166666666668,17.19333333333333,96.70166666666668,96.38333333333334,,,,
2024-07-28 05:00:00,16.124295,16.6965,95.935,1.5649166666666663,179.93166666666667,909.2508666666668,0.0,0.0,16.834833333333332,16.539333333333335,96.09833333333331,95.76666666666668,,,,
2024-07-28 06:00:00,15.317555,16.455666666666666,95.35166666666667,0.67235,177.69416666666666,910.07811,0.50325,0.0042333333333333,16.600666666666665,16.302333333333333,95.49333333333334,95.19333333333334,,,,
2024-07-28 07:00:00,15.260675,16.402166666666666,98.14666666666668,0.1413,67.37713333333333,910.666265,67.74166666666666,0.0,16.546666666666667,16.244,98.31,97.99333333333334,,,,
2024-07-28 08:00:00,18.44846,19.108,92.46666666666668,1.39395,260.2916666666667,911.01637,229.49,0.0042333333333333,19.255333333333333,18.946,92.87,92.07333333333332,,,,
2024-07-28 09:00:00,21.312665,20.8735,83.85583333333334,2.6476,251.035,911.1005333333334,411.535,0.0,21.025666666666663,20.73166666666667,84.534,83.23066666666666,,,,
2024-07-28 10:00:00,23.42536,23.233833333333333,73.84333333333333,2.665116666666667,252.2783333333333,910.735785,582.815,0.0,23.388166666666667,23.079,74.84016666666666,72.95,,,,
2024-07-28 11:00:00,25.44079,26.01833333333333,62.562333333333335,2.8685,241.39166666666668,910.5186316666666,718.4966666666667,0.0042333333333333,26.178166666666662,25.869333333333334,63.6535,61.4695,,,,
2024-07-28 12:00:00,27.081175,27.763166666666667,58.256,3.1864,233.31166666666667,910.3699,809.4183333333333,0.0,27.9275,27.595333333333333,59.374,57.23016666666667,,,,
2024-07-28 13:00:00,28.209760000000003,29.521166666666662,52.9155,2.61325,236.94333333333333,909.8806933333332,850.0833333333334,0.0,29.686333333333334,29.3485,54.08233333333333,51.8065,,,,
2024-07-28 14:00:00,29.325545,31.40533333333333,45.42733333333333,2.1731333333333334,249.2483333333333,909.5094183333332,834.65,0.0,31.5615,31.23883333333333,46.89566666666667,44.152,,,,
2024-07-28 15:00:00,29.59639,32.57716666666667,41.6075,1.92625,242.1083333333333,909.0751166666666,765.2283333333332,0.0,32.736666666666665,32.39983333333333,42.97116666666667,40.295,0.2936789783183665,,,
2024-07-28 16:00:00,30.020675,33.0085,39.41666666666666,2.2600333333333333,218.48,908.5859216666666,657.66,0.0,33.16466666666667,32.84466666666667,40.77883333333333,38.30316666666667,0.805075378227072,,,
2024-07-28 17:00:00,29.76752,33.189166666666665,40.42166666666667,3.4389833333333333,205.54,908.3451733333332,517.0666666666667,0.0,33.33116666666667,33.03216666666667,41.387166666666666,39.56033333333333,,,,
2024-07-28 18:00:00,29.716045,32.863166666666665,43.203,3.2071,194.1,908.249905,351.8583333333333,0.0,33.011,32.707,44.00633333333334,42.53366666666667,,,,
2024-07-28 19:00:00,28.775185,31.537666666666667,48.17733333333333,2.1562,195.25,908.4840533333332,134.839,0.0,31.687,31.3835,48.71366666666667,47.617,,,,
2024-07-28 20:00:00,26.424415,28.921166666666668,51.06433333333334,1.9745166666666667,185.81733333333327,908.92325,22.47853333333333,0.0,29.08083333333333,28.74633333333333,51.66033333333333,50.53216666666666,,,,
2024-07-28 21:00:00,22.589640000000003,24.143833333333337,64.78966666666666,1.48035,151.85865,908.9337133333332,0.0057166666666666,0.0,24.317166666666665,23.976666666666667,65.48816666666667,64.07883333333334,,,,
2024-07-28 22:00:00,20.1789,21.831,76.9625,1.7884166666666663,191.3283333333333,909.7773683333332,0.0,0.0,21.981,21.680333333333333,77.2075,76.709,,,,
2024-07-28 23:00:00,18.559595,20.607333333333333,80.75316666666666,1.1319,229.2835,910.6642933333331,0.0,0.0,20.7605,20.442833333333333,81.10883333333332,80.38650000000001,,,,
2024-07-29 00:00:00,16.942214999999997,19.44933333333333,81.85083333333334,1.1293333333333335,162.16,910.8314583333332,0.0,0.0,19.604333333333333,19.28966666666667,82.18516666666666,81.53216666666667,,0.230607131754826,0.27672855810579117,1.2
2024-07-29 01:00:00,16.35947,18.928,81.49583333333334,0.9484666666666668,133.76133333333334,910.8262966666666,0.0,0.0,19.0825,18.772,81.8415,81.146,,,,
2024-07-29 02:00:00,15.42818,17.09016666666667,87.63333333333334,1.2340000000000002,168.69500000000002,911.19409,0.0,0.0,17.235333333333333,16.930833333333332,87.91666666666667,87.34666666666666,,,,
2024-07-29 03:00:00,15.03863,16.699666666666666,87.69333333333334,0.9939833333333332,154.245,910.98405,0.0,0.0,16.847166666666666,16.543,87.93666666666667,87.45,,,,
2024-07-29 04:00:00,14.088815,15.377,92.105,1.49155,171.76666666666668,911.139145,0.0,0.0,15.523666666666664,15.217166666666666,92.35833333333332,91.83833333333334,,,,
2024-07-29 05:00:00,13.585035,14.637833333333331,93.15166666666669,0.91355,169.00231666666664,911.662465,0.0,0.0,14.7775,14.501833333333334,93.36833333333334,92.92333333333332,,,,
2024-07-29 06:00:00,13.085555,14.064666666666666,94.54166666666669,0.69655,146.35575,912.5927833333334,1.2108166666666669,0.0,14.1955,13.926166666666669,94.74,94.34833333333331,,,,
2024-07-29 07:00:00,12.87148,14.888666666666667,94.95666666666666,0.1666,72.78999999999999,913.1656333333334,59.4955,0.0,15.027166666666666,14.731833333333332,95.14,94.76,,,,
