TIMESTAMP,IRT5012B2xx24,TDR5012B20624,TDR5012B21824,TDR5012B23024,Ta_2m_Avg,RH_2m_Avg,WndAveSpd_3m,WndAveDir_3m,PresAvg_1pnt5m,Solar_2m_Avg,Rain_1m_Tot,TaMax_2m,TaMin_2m,RHMax_2m,RHMin_2m,swsi,et,cwsi
2024-07-03 11:00:00,26.242285,21.1,21.85,18.666665,27.316333333333333,45.62933333333333,2.70025,191.70166666666668,916.065855,780.4966666666667,0.0,27.464166666666664,27.147666666666662,46.89233333333333,44.526,0.0722611388611386,,
2024-07-03 12:00:00,27.003865,21.083335,21.808335,18.683335,28.75733333333333,40.498666666666665,3.3658,173.45833333333334,915.4957966666666,869.7666666666667,0.0,28.9205,28.588166666666663,41.605,39.441833333333335,0.073925874125874,,0.6080102383256544
2024-07-03 13:00:00,27.735560000000003,21.04167,21.8,18.65,29.107166666666668,42.2805,3.67055,175.1,914.94562,911.1,0.0,29.275666666666663,28.93,43.379,41.3135,0.077255944055944,,0.2934866569462047
2024-07-03 14:00:00,28.171725,21.008335,21.775,18.6,29.5905,41.748000000000005,4.43235,161.67000000000002,914.060455,891.4,0.0,29.761000000000003,29.41783333333333,42.66616666666666,40.882,0.0815850149850149,,0.6667162926597174
2024-07-03 15:00:00,28.39623,21.008335,21.73333,18.6,29.57016666666667,42.549166666666665,5.4014,160.55666666666667,912.8677916666668,830.3383333333334,0.0,29.730166666666666,29.398333333333333,43.277166666666666,41.88633333333333,0.0832501498501497,,0.8237511508644472
2024-07-03 16:00:00,28.35839,21.0,21.658330000000003,18.575,29.367166666666662,48.277,5.045683333333333,157.18166666666667,912.3625133333334,689.2366666666666,0.0,29.53783333333333,29.18616666666667,48.88066666666667,47.69683333333333,0.0875792207792209,,0.799727488657454
2024-07-03 17:00:00,27.671765,20.991665,21.600000000000005,18.533335,27.83033333333333,57.6155,4.430183333333333,159.11666666666667,911.6560983333331,272.2766666666667,0.0,27.997166666666665,27.657,58.1695,57.12733333333333,0.0919080919080917,,
2024-07-03 18:00:00,18.918525,21.0,21.600000000000005,18.5,15.4305,93.0,3.6422666666666665,126.91438333333332,914.29143,1.4338166666666663,0.0,15.635666666666667,15.22,93.656,92.39466666666668,0.092907092907093,,
2024-07-03 19:00:00,14.43981,21.241665,21.583335,18.5,14.409,97.70666666666666,3.085633333333333,126.74833333333332,914.3549666666668,0.0,0.0,14.551166666666669,14.257333333333332,97.84666666666666,97.55833333333334,0.0839160839160836,,
2024-07-03 20:00:00,14.424925,22.825000000000003,21.658330000000003,18.5,15.131333333333334,94.09666666666666,2.644433333333333,135.27366666666666,911.9402366666668,12.615666666666668,0.0,15.2715,14.982,94.28833333333334,93.88333333333334,0.0176491508491507,,
2024-07-03 21:00:00,14.720235,24.916665,21.8,18.558335000000003,15.411,93.11,1.00635,127.01516666666666,912.4521433333332,9.44945,0.0,15.551666666666668,15.2555,93.28,92.92666666666668,0.0,,
2024-07-03 22:00:00,14.168575,25.733335,22.01667,18.583335,15.207833333333332,92.12333333333332,1.29385,125.88833333333334,912.3540233333332,0.0,0.0,15.349,15.049166666666668,92.30166666666668,91.935,0.0,,
2024-07-03 23:00:00,14.088,26.1,22.283335000000005,18.608335,15.178333333333336,89.385,0.7808666666666666,113.70398333333334,912.4328533333334,0.0,0.0,15.3215,15.029833333333332,89.57333333333332,89.19,0.0,,
2024-07-04 00:00:00,13.256175,26.274999999999995,22.491665,18.66667,14.329166666666667,95.615,1.0727,163.1287,914.4026466666668,0.0,0.0,14.468,14.176333333333334,95.77333333333333,95.445,0.0,5.028631385578549,
2024-07-04 01:00:00,14.214185,26.341665000000003,22.683335,18.691665,14.916166666666667,94.03,2.1634,62.66065,916.1738683333332,0.0,0.0,15.056666666666668,14.763,94.195,93.84333333333332,0.0,,
2024-07-04 02:00:00,13.858,26.399999999999995,22.841665000000003,18.7,14.381,94.22333333333331,1.637133333333333,292.67356666666666,916.38776,0.0,0.0,14.5245,14.2295,94.39166666666668,94.065,0.0,,
2024-07-04 03:00:00,13.51462,26.441665,22.975,18.7,14.115,96.615,0.6964666666666666,265.4855,916.936515,0.0,0.0,14.264166666666666,13.961,96.75333333333332,96.46166666666666,0.0,,
2024-07-04 04:00:00,13.45742,26.50833,23.075,18.716665,13.9265,97.24833333333332,1.3769333333333331,190.6433333333333,916.3191133333332,0.0,0.0,14.075833333333332,13.778833333333331,97.38833333333334,97.08166666666666,0.0,,
2024-07-04 05:00:00,13.591035,26.525,23.191665,18.725,14.182333333333332,96.11666666666666,1.1693166666666668,241.67166666666665,916.628755,0.0,0.0,14.323833333333331,14.032333333333334,96.27833333333334,95.94666666666669,0.0,,
2024-07-04 06:00:00,13.288485,26.583335,23.233335,18.733335,14.125333333333334,96.32833333333332,1.8968833333333333,287.92833333333334,917.9630716666668,2.6843166666666667,0.0,14.267666666666663,13.971166666666669,96.46666666666668,96.16,0.0,,
2024-07-04 07:00:00,14.001485,26.600000000000005,23.3,18.725,14.7785,93.28166666666668,1.6216833333333334,291.3316666666667,918.652825,72.3225,0.0,14.924333333333331,14.622333333333334,93.445,93.09333333333332,0.0,,
2024-07-04 08:00:00,15.32448,26.600000000000005,23.36667,18.73333,16.408,83.30516666666668,2.3693166666666667,314.5516666666666,918.84174,296.3568333333333,0.0,16.562333333333335,16.247333333333334,83.85133333333333,82.759,0.0,,
2024-07-04 09:00:00,18.283075,26.600000000000005,23.391665,18.758335,18.204166666666666,66.98716666666667,3.2196,332.21500000000003,919.216975,493.6633333333333,0.0,18.349833333333333,18.04883333333333,67.96133333333333,65.95266666666666,0.0,,
2024-07-04 10:00:00,20.363245,26.600000000000005,23.399999999999995,18.73333,19.82733333333333,55.85566666666667,3.55825,329.6500833333333,919.186555,659.1883333333334,0.0,19.975,19.663,57.12983333333333,54.655,0.0,,
2024-07-04 11:00:00,22.13798,26.600000000000005,23.399999999999995,18.725,21.67533333333333,49.901,3.692266666666667,323.89166666666665,919.0890683333332,792.425,0.0,21.817166666666665,21.52983333333333,51.2875,48.55466666666667,0.0,,
2024-07-04 12:00:00,23.327520000000003,26.55,23.399999999999995,18.708335,22.686666666666667,46.92433333333334,4.352916666666667,327.75166666666667,918.9728433333332,883.5,0.0,22.838833333333334,22.521833333333333,48.48583333333333,45.5665,0.0,,
2024-07-04 13:00:00,24.105265,26.58333,23.399999999999995,18.7,23.301,46.28666666666666,4.194766666666667,332.15541666666667,918.7918633333334,924.2833333333332,0.0,23.45266666666667,23.132,47.66716666666667,44.87966666666667,0.0,,
2024-07-04 14:00:00,24.858175,26.5,23.383335,18.691665,24.182166666666667,42.14183333333334,3.9419,326.835,918.50682,904.205,0.0,24.336666666666662,24.013166666666667,43.69766666666667,40.839000000000006,0.0,,
2024-07-04 15:00:00,24.8956,26.48333,23.36667,18.691665,25.021666666666665,38.03983333333333,4.1524,322.82,918.2359383333334,846.4916666666667,0.0,25.166166666666665,24.86116666666667,39.2905,36.841166666666666,0.0,,
2024-07-04 16:00:00,24.72558,26.40833,23.34167,18.61667,25.03333333333333,39.626,3.4398,323.7633333333333,917.95291,696.515,0.0,25.182,24.866333333333333,40.882666666666665,38.455333333333336,0.0,,
2024-07-04 17:00:00,24.890915000000003,26.399999999999995,23.325000000000003,18.65,25.129,37.30116666666667,3.6836166666666665,317.7976,917.538345,593.6983333333334,0.0,25.27766666666667,24.969833333333334,38.58283333333333,36.1605,0.0,,
2024-07-04 18:00:00,24.14301,26.308335,23.3,18.625,24.8195,36.972166666666666,3.7807666666666666,313.68958333333336,917.3253233333332,418.81666666666666,0.0,24.9575,24.677666666666667,37.95333333333333,36.01199999999999,0.0,,
2024-07-04 19:00:00,23.05377,26.3,23.3,18.6,23.973333333333336,39.768166666666666,3.221033333333333,326.6341,917.7282866666668,236.88,0.0,24.106,23.82,40.479,39.03316666666667,0.0,,
2024-07-04 20:00:00,20.37548,26.3,23.316665,18.608335,22.18616666666667,45.7775,1.5343833333333334,275.92275,918.0305816666666,76.05666666666666,0.0,22.328,22.03333333333333,46.286,45.147666666666666,0.0,,
2024-07-04 21:00:00,15.854729999999998,26.3,23.333335,18.625,17.634166666666665,65.377,0.8705833333333334,59.30946666666667,918.22217,0.952,0.0,17.78083333333333,17.464333333333336,65.72200000000001,64.99133333333333,0.0,,
2024-07-04 22:00:00,12.1988,26.3,23.3,18.6,13.143833333333331,87.78999999999999,1.5820833333333333,194.19166666666663,918.8714683333332,0.0,0.0,13.2875,12.996833333333337,87.98,87.58500000000001,0.0,,
2024-07-04 23:00:00,11.022835,26.3,23.3,18.6,11.984333333333332,91.64833333333333,1.6457333333333333,192.73666666666668,919.5274916666666,0.0,0.0,12.1235,11.824666666666667,91.82333333333332,91.44833333333332,0.0,,
2024-07-05 00:00:00,10.654195,26.3,23.3,18.6,11.947666666666668,90.06333333333333,1.5564666666666669,190.405,920.015785,0.0,0.0,12.081666666666669,11.791,90.25333333333332,89.86,0.0,4.584398515423915,
2024-07-05 01:00:00,10.0045065,26.3,23.3,18.6,12.871,84.1095,0.3553,108.98833333333332,920.311205,0.0,0.0,13.0135,12.707166666666666,84.39966666666666,83.78516666666665,0.0,,
2024-07-05 02:00:00,9.592241,26.308335,23.291665,18.616665,12.557833333333331,85.21066666666667,0.6890999999999999,161.30833333333334,920.5709916666668,0.0,0.0,12.709,12.385333333333334,85.53416666666666,84.883,0.0,,
2024-07-05 03:00:00,9.7005665,26.3,23.283330000000003,18.6,11.981,87.559,1.3199333333333334,206.54,920.6167283333332,0.0,0.0,12.117833333333332,11.824166666666668,87.8005,87.3105,0.0,,
2024-07-05 04:00:00,9.99086,26.3,23.291665,18.625,13.419666666666666,80.1075,0.8076666666666666,233.81,920.921865,0.0,0.0,13.558833333333332,13.272333333333334,80.29183333333334,79.91483333333333,0.0,,
2024-07-05 05:00:00,10.042973,26.3,23.28333,18.6,12.256,88.405,0.3157833333333333,140.82066666666665,921.0775933333332,0.0,0.0,12.3785,12.100166666666668,88.59166666666667,88.22166666666666,0.0,,
2024-07-05 06:00:00,10.304717,26.3,23.283330000000003,18.6,12.9755,86.36,0.66115,252.44333333333333,921.185865,20.48345,0.0,13.115666666666668,12.8185,86.55333333333333,86.15,0.0,,
2024-07-05 07:00:00,12.400060000000002,26.3,23.283330000000003,18.608335,14.445,82.91383333333333,0.9453166666666668,292.5733333333334,921.251655,97.23416666666668,0.0,14.5855,14.290666666666668,83.18333333333334,82.616,0.0,,
2024-07-05 08:00:00,13.473415,26.291665,23.291665,18.608335,14.864166666666668,83.28500000000001,1.2179833333333334,282.5083333333333,921.4239333333334,98.34483333333333,0.0,15.005833333333332,14.708333333333334,83.61333333333333,82.94,0.0,,
2024-07-05 09:00:00,15.49414,26.25833,23.25833,18.608335,16.4375,79.8105,1.3641166666666666,283.2866666666667,921.374495,216.2,0.0,16.575666666666667,16.277333333333335,80.42316666666667,79.218,0.0,,
2024-07-05 10:00:00,19.312875,26.25,23.225,18.6,20.0385,64.92166666666667,2.3119666666666663,290.14500000000004,920.9792683333332,588.9449999999999,0.0,20.194666666666667,19.876,66.02466666666666,63.792,0.0,,
2024-07-05 11:00:00,22.95358,26.225,23.23333,18.625,22.96583333333333,52.25933333333333,3.034883333333333,285.78,920.6634383333331,795.4783333333332,0.0,23.1255,22.792166666666667,53.57899999999999,51.02966666666667,0.0,,
2024-07-05 12:00:00,24.0805,26.2,23.208335,18.6,23.9265,44.72966666666667,2.9099500000000003,295.4183333333333,920.230735,731.135,0.0,24.0845,23.762666666666668,46.00966666666667,43.453833333333336,0.0,,
2024-07-05 13:00:00,24.334325,26.166665,23.15,18.58333,24.8615,42.21133333333333,2.68475,301.51166666666666,919.914465,924.5366666666666,0.0,25.0235,24.696166666666667,43.987,40.57383333333333,0.0,,
2024-07-05 14:00:00,25.38204,26.1,23.108335,18.541665,25.553166666666662,40.06033333333333,2.4689166666666664,291.0083333333333,919.3431333333334,931.8166666666668,0.0,25.69833333333333,25.408666666666665,41.79883333333333,38.51366666666667,0.0,,
2024-07-05 15:00:00,25.87378,26.0,23.100000000000005,18.516665,26.156,39.10983333333333,2.267033333333333,293.17333333333335,918.767245,864.1666666666666,0.0,26.304166666666667,26.0015,40.66716666666666,37.5615,0.0,,
2024-07-05 16:00:00,26.041095,25.941665,23.041665,18.516665,26.1175,37.166,1.9269333333333327,299.435,918.24577,603.3866666666667,0.0,26.3,25.933666666666667,38.761833333333335,35.683,0.0,,
2024-07-05 17:00:00,23.700385,25.899999999999995,23.033330000000003,18.491665,25.093666666666664,40.69833333333334,1.6607999999999998,314.4629166666667,917.8256266666666,349.3333333333333,0.0,25.250166666666665,24.931833333333334,42.12716666666667,39.342,0.0,,0.8187654553266087
2024-07-05 18:00:00,24.28685,25.899999999999995,23.01666,18.466665,26.0585,38.44666666666667,1.6686166666666666,320.0383333333333,917.2775516666668,390.81666666666666,0.0,26.20716666666667,25.896,39.74466666666667,37.2185,0.0,,
2024-07-05 19:00:00,23.537785,25.816665,23.01666,18.475,26.256,37.6565,0.7148166666666668,292.26166666666666,917.0693783333334,233.36,0.0,26.406,26.105666666666664,38.908,36.537666666666674,0.0,,
2024-07-05 20:00:00,20.65241,25.81667,22.983335,18.5,25.053166666666662,43.42083333333333,0.2732333333333333,80.10166666666667,917.0810633333332,74.452,0.0,25.213666666666665,24.8825,44.92666666666666,41.89566666666666,0.0,,
2024-07-05 21:00:00,16.243455,25.8,22.983335,18.44167,19.511333333333333,65.98616666666666,0.6037333333333333,139.31066666666666,917.26525,1.0985333333333334,0.0,19.667666666666666,19.336666666666662,66.65466666666667,65.2595,0.0,,
2024-07-05 22:00:00,14.471975,25.816665,22.991665,18.491665,17.762,72.32966666666667,0.40015,113.47498333333333,917.7260616666666,0.0,0.0,17.913666666666664,17.598333333333336,72.69616666666667,71.92883333333333,0.0,,
2024-07-05 23:00:00,13.38499,25.825,22.983335,18.5,17.951,69.52716666666667,1.2889333333333333,159.18333333333334,917.8333616666666,0.0,0.0,18.09916666666667,17.788833333333333,69.81116666666667,69.23933333333333,0.0,,
2024-07-06 00:00:00,13.40255,25.825000000000003,22.966670000000004,18.5,16.744833333333336,72.47616666666666,2.043083333333333,182.085,917.8198983333332,0.0,0.0,16.891333333333332,16.580166666666667,72.71849999999999,72.24066666666666,0.0,3.759365695911476,
2024-07-06 01:00:00,14.018415,25.8,22.950000000000003,18.475,16.2445,76.01666666666667,2.019066666666667,181.94833333333327,917.63805,0.0,0.0,16.395,16.068166666666666,76.27283333333334,75.75366666666667,0.0,,
2024-07-06 02:00:00,14.03358,25.8,22.925,18.483335,14.987666666666666,85.38666666666667,1.6470333333333331,193.0433333333333,916.9609466666666,0.0,0.0,15.126833333333334,14.827333333333334,85.58999999999999,85.18333333333334,0.0,,
2024-07-06 03:00:00,12.55887,25.791665,22.899999999999995,18.45,14.642,83.26083333333332,0.8931,138.42299999999997,916.7140833333334,0.0,0.0,14.786666666666669,14.4895,83.539,82.97083333333333,0.0,,
2024-07-06 04:00:00,11.958665000000002,25.8,22.899999999999995,18.5,15.229166666666666,77.508,1.6135,166.41316666666668,916.8357066666666,0.0,0.0,15.383,15.0765,77.74116666666667,77.26866666666666,0.0,,
2024-07-06 05:00:00,11.538965,25.8,22.925,18.483335,12.942166666666669,88.55,0.5996333333333334,140.0875,916.68516,0.0,0.0,13.0855,12.7905,88.80166666666668,88.30666666666666,0.0,,
2024-07-06 06:00:00,10.632205,25.791665,22.916665,18.491665,12.865666666666668,91.77833333333334,0.5975166666666667,70.06616666666667,916.3994116666668,17.37885,0.0,13.019666666666666,12.715166666666669,92.02,91.54833333333332,0.0,,
2024-07-06 07:00:00,12.98501,25.8,22.899999999999995,18.48333,15.484833333333334,88.31583333333333,0.1922666666666666,49.10046666666666,916.18836,91.0025,0.0,15.64,15.321166666666668,88.72816666666668,87.89466666666667,0.0,,
2024-07-06 08:00:00,16.327119999999997,25.774995,22.90833,18.491665,17.487333333333332,83.91666666666667,1.0068333333333332,45.686,915.8074866666668,135.46666666666667,0.0,17.629833333333334,17.336166666666667,84.48833333333333,83.38000000000001,0.0,,
2024-07-06 09:00:00,17.929289999999998,25.774995,22.899999999999995,18.491665,18.335500000000003,79.02033333333334,1.5056,52.549166666666665,915.830755,197.80166666666668,0.0,18.47716666666667,18.17383333333333,79.65233333333335,78.40166666666667,0.0,,
2024-07-06 10:00:00,19.302885,25.75833,22.899999999999995,18.5,18.72533333333333,75.89016666666666,1.4474833333333337,105.92221666666666,914.6759316666668,107.95116666666668,0.0,18.868,18.5675,76.4165,75.41233333333334,0.0,,
2024-07-06 11:00:00,17.8311,25.73333,22.899999999999995,18.45,18.577166666666667,86.546,1.8868166666666668,80.95583333333335,913.905545,505.33,0.0,18.73183333333333,18.40533333333333,87.34200000000001,85.73466666666667,0.0,,
2024-07-06 12:00:00,23.26379,25.716670000000004,22.899999999999995,18.425,21.916833333333333,73.86966666666667,2.3444333333333334,108.0445,913.322915,796.8033333333333,0.0,22.071166666666667,21.768,75.01916666666666,72.75583333333334,0.0,,
2024-07-06 13:00:00,24.454130000000003,25.683335,22.883335,18.491665,22.486666666666668,72.31099999999999,2.8844,54.70666666666667,913.14259,631.435,0.0,22.645166666666668,22.318166666666663,73.47416666666666,71.23766666666667,0.0,,
2024-07-06 14:00:00,22.859315,25.625,22.841665000000003,18.475,21.266166666666667,71.45733333333332,4.564866666666666,51.67766666666667,913.319345,578.0233333333333,0.0,21.420666666666666,21.111666666666668,72.25949999999999,70.67883333333333,0.0,,
2024-07-06 15:00:00,23.45613,25.600000000000005,22.841665000000003,18.425,21.799333333333333,68.56416666666668,3.06675,81.56833333333334,913.0759833333334,839.675,0.0,21.96483333333333,21.622833333333336,69.57516666666668,67.60116666666667,0.0,,
2024-07-06 16:00:00,23.76453,25.541665,22.816665,18.408330000000003,22.8995,61.73433333333333,2.4591333333333334,90.96766666666666,913.1143016666666,724.11,0.0,23.058666666666667,22.726166666666664,62.84533333333333,60.708666666666666,0.0,,
2024-07-06 17:00:00,23.92859,25.5,22.8,18.408335,23.076833333333333,58.1075,2.43055,94.52716666666667,913.5304183333334,577.0483333333334,0.0,23.224833333333333,22.92033333333333,59.0295,57.28083333333333,0.0,,
2024-07-06 18:00:00,23.38183,25.475,22.808335,18.391665,22.69766666666667,61.3015,2.2629,113.07833333333332,912.78332,408.9933333333333,0.0,22.8505,22.537,61.89933333333333,60.781333333333336,0.0,,
2024-07-06 19:00:00,22.14076,25.483335,22.783330000000003,18.391665,21.994666666666667,66.33516666666667,1.4557666666666669,121.1415,913.1153916666666,165.14383333333333,0.0,22.135666666666665,21.8475,66.78216666666667,65.90883333333333,0.0,,
2024-07-06 20:00:00,19.342005,25.45833,22.75833,18.433335,20.91583333333333,73.83633333333334,0.59625,88.04033333333334,913.505655,68.29133333333333,0.0,21.05633333333333,20.771833333333333,74.17833333333333,73.486,0.0,,
2024-07-06 21:00:00,17.455949999999998,25.45833,22.75,18.4,18.556833333333334,89.095,0.3861666666666667,67.85166666666666,913.6550083333332,4.7449,0.0,18.698833333333333,18.401666666666664,89.30833333333334,88.86,0.0,,
2024-07-06 22:00:00,15.795315,25.458335,22.76666,18.4,17.2285,93.08,0.4183666666666666,85.70133333333334,913.9219733333332,0.0,0.0,17.359666666666666,17.070833333333333,93.25,92.88,0.0,,
2024-07-06 23:00:00,15.48227,25.416665,22.75,18.4,16.347333333333335,96.48666666666666,0.8861833333333333,61.96116666666667,914.8119566666668,0.0,0.0,16.489,16.195,96.63,96.32,0.0,,
2024-07-07 00:00:00,15.108015,25.466664999999995,22.766665,18.38333,16.160333333333334,95.72666666666667,1.53755,127.723,914.3538016666666,0.0,0.0,16.306333333333335,16.006833333333333,95.90833333333332,95.535,0.0,4.078939937929682,
2024-07-07 01:00:00,14.89317,25.424995,22.725,18.408335,16.216666666666665,92.20666666666666,2.410083333333333,191.535,914.7110216666666,0.0,0.0,16.358,16.0655,92.385,92.05166666666668,0.0,,
2024-07-07 02:00:00,14.04139,25.441665,22.8,18.41667,15.238666666666669,92.95666666666666,0.8667166666666667,268.0063833333333,915.0034266666668,0.0,0.0,15.378666666666668,15.079333333333333,93.15,92.75,0.0,,
2024-07-07 03:00:00,14.195375,25.475,22.791665,18.391665,15.810333333333334,92.71333333333334,1.6292833333333334,285.14636666666667,916.1251816666668,0.0,0.0,15.950166666666666,15.661666666666664,92.90833333333332,92.51833333333336,0.0,,
2024-07-07 04:00:00,15.564815,25.5,22.791665,18.425,18.043166666666664,66.706,4.03155,118.73121666666664,914.65654,0.0,0.0,18.19083333333333,17.8775,67.35033333333334,66.13166666666667,0.0,,
2024-07-07 05:00:00,16.1416,25.50833,22.808335,18.391665,16.901666666666667,73.16000000000001,1.6500333333333332,247.0647,915.2509066666668,0.0,0.0,17.046499999999998,16.745,73.46733333333333,72.8315,0.0,,
2024-07-07 06:00:00,14.362945000000002,25.524995,22.825000000000003,18.4,15.601833333333332,84.42833333333333,1.5447833333333334,252.09153333333333,915.1760533333332,2.2364,0.0,15.745666666666668,15.432666666666668,84.63000000000001,84.195,0.0,,
2024-07-07 07:00:00,14.501675,25.541665,22.808335,18.38333,15.944833333333332,84.16499999999999,0.6294333333333333,174.92021666666668,914.5513233333334,33.67941666666667,0.0,16.095166666666668,15.783833333333332,84.52833333333334,83.74333333333334,0.0,,
2024-07-07 08:00:00,15.775925,25.600000000000005,22.866665,18.366665,17.24816666666667,76.359,1.748133333333333,220.97333333333333,915.37897,52.38983333333333,0.0,17.398000000000003,17.08216666666667,76.80233333333334,75.92483333333332,0.0,,
2024-07-07 09:00:00,16.096825,25.600000000000005,22.875,18.4,16.636333333333333,82.18433333333334,2.3483333333333336,280.76,916.733175,41.517500000000005,0.0,16.782333333333334,16.473166666666668,82.4955,81.86366666666666,0.0,,
2024-07-07 10:00:00,15.875144999999998,25.600000000000005,22.891665,18.408335,16.988666666666667,84.077,2.9239,242.615,917.288125,168.8835,0.0,17.138166666666667,16.835666666666665,84.481,83.65583333333333,0.0,,
2024-07-07 11:00:00,18.252515,25.600000000000005,22.899999999999995,18.4,18.66633333333333,72.45949999999999,2.75905,242.20666666666665,917.530205,263.4866666666667,0.0,18.814166666666665,18.509666666666664,73.17316666666667,71.78983333333333,0.0,,
2024-07-07 12:00:00,20.509035,25.616665,22.899999999999995,18.416665,21.44933333333333,61.29233333333333,2.4508666666666667,273.415,917.32515,705.4383333333334,0.0,21.60233333333333,21.298166666666663,62.87383333333333,59.95616666666667,0.0,,
2024-07-07 13:00:00,23.63786,25.575000000000003,22.866665,18.391665,23.603166666666667,51.58766666666667,3.149383333333333,277.82666666666665,917.0282316666668,909.65,0.0,23.756666666666668,23.44483333333333,53.28,50.0655,0.0,,
2024-07-07 14:00:00,24.261805,25.5,22.833335,18.341665000000003,24.64133333333333,49.75433333333333,2.6499,287.6816666666667,916.74109,909.1333333333332,0.0,24.78833333333333,24.47883333333333,51.26483333333333,48.36266666666667,0.0,,
2024-07-07 15:00:00,25.26913,25.45833,22.816665,18.30833,25.68583333333333,47.380833333333335,2.631533333333333,295.2916666666667,916.2432733333334,840.425,0.0,25.841666666666665,25.519166666666667,48.93566666666666,45.9805,0.0,,
2024-07-07 16:00:00,24.871325,25.383335,22.8,18.308335,25.6885,46.87483333333333,2.3607666666666662,312.62166666666667,915.9302483333332,710.385,0.0,25.843166666666665,25.530666666666665,48.44166666666667,45.32666666666667,0.0,,
2024-07-07 17:00:00,24.340615,25.3,22.8,18.291665,25.487666666666662,42.69666666666667,2.2343166666666665,300.4866666666667,915.7377716666668,508.6633333333333,0.0,25.6445,25.33083333333333,44.033,41.51933333333333,0.0,,0.2733575672518774
2024-07-07 18:00:00,24.37976,25.3,22.76666,18.31667,25.3575,42.5425,2.1843166666666667,307.78,915.9187566666666,374.1516666666666,0.0,25.505666666666663,25.206166666666668,43.6145,41.510666666666665,0.0,,
2024-07-07 19:00:00,23.293065,25.3,22.766665,18.3,24.491333333333333,45.12466666666667,1.73905,332.3666666666667,915.878565,216.57783333333333,0.0,24.628833333333333,24.335500000000003,45.94583333333333,44.22,0.0,,
2024-07-07 20:00:00,20.69403,25.3,22.741665,18.258335,22.578333333333333,53.33566666666666,1.04415,267.7363666666667,916.0874883333332,64.49366666666667,0.0,22.72683333333333,22.417166666666667,53.94949999999999,52.7045,0.0,,
2024-07-07 21:00:00,15.790965,25.3,22.708335,18.291665,17.8595,74.71149999999999,0.8273833333333334,178.03166666666667,916.7356666666668,1.1187166666666668,0.0,18.0115,17.705666666666666,75.37716666666667,74.01350000000001,0.0,,
2024-07-07 22:00:00,13.811005000000002,25.3,22.75833,18.308335,15.024333333333336,85.12166666666667,0.7676666666666667,176.89833333333334,917.6668,0.0,0.0,15.1675,14.869,85.48,84.75399999999999,0.0,,
2024-07-07 23:00:00,12.699625,25.3,22.749995,18.308335,13.979666666666668,84.83683333333333,1.1480833333333331,190.31666666666663,918.2426166666668,0.0,0.0,14.1375,13.8055,85.14233333333333,84.50399999999999,0.0,,
2024-07-08 00:00:00,11.41139,25.3,22.716670000000004,18.275,12.647166666666667,89.23,1.0825833333333332,189.9033333333333,918.51312,0.0,0.0,12.794166666666666,12.489166666666668,89.49666666666667,88.955,0.0,5.079827643874021,
2024-07-08 01:00:00,10.60117,25.3,22.716670000000004,18.291665,11.559500000000002,92.79666666666668,1.0722166666666666,183.195,918.6960933333334,0.0,0.0,11.704833333333331,11.405333333333331,92.99666666666668,92.60166666666667,0.0,,
2024-07-08 02:00:00,10.05776,25.316665,22.775,18.3,11.026833333333334,93.725,1.4519,190.275,918.55994,0.0,0.0,11.173,10.870333333333331,93.92333333333332,93.53,0.0,,
2024-07-08 03:00:00,9.3468665,25.333335,22.716664999999995,18.275,10.775333333333332,95.12333333333332,0.7386,168.54,918.5031583333332,0.0,0.0,10.9175,10.619166666666668,95.29166666666669,94.935,0.0,,
2024-07-08 04:00:00,9.508341499999998,25.3,22.725,18.258335,11.531666666666666,93.84166666666668,0.2399666666666666,190.05166666666668,918.70632,0.0,0.0,11.6785,11.3725,94.00166666666668,93.66833333333334,0.0,,
2024-07-08 05:00:00,9.5850995,25.3,22.741665,18.3,12.219833333333334,90.03666666666666,0.5681499999999999,248.72833333333327,918.7775616666668,0.0,0.0,12.360666666666669,12.073,90.19666666666669,89.84833333333333,0.0,,
2024-07-08 06:00:00,9.3397,25.274995,22.741665,18.3,11.635833333333332,90.88166666666666,0.8255666666666667,220.23,918.9188966666668,14.277583333333332,0.0,11.786333333333332,11.475666666666664,91.11333333333332,90.63166666666666,0.0,,
2024-07-08 07:00:00,11.14403,25.3,22.708335,18.266665,13.3305,86.58666666666666,0.6958166666666667,274.09666666666664,919.3177916666666,124.52266666666668,0.0,13.457833333333332,13.182833333333331,86.90666666666667,86.27,0.0,,
2024-07-08 08:00:00,14.568595,25.3,22.75833,18.283335,15.424166666666668,82.05083333333333,1.2721166666666666,294.38,919.3523216666669,297.7583333333333,0.0,15.572833333333334,15.269166666666669,82.76933333333334,81.38183333333333,0.0,,
2024-07-08 09:00:00,18.2962,25.3,22.716664999999995,18.3,18.529666666666667,69.95716666666667,1.3982166666666669,300.06333333333333,919.20734,474.4383333333333,0.0,18.67533333333333,18.369666666666667,70.99766666666666,68.94033333333333,0.0,,
2024-07-08 10:00:00,21.65879,25.291665,22.716664999999995,18.258335,21.38116666666667,57.909666666666666,1.6263666666666663,304.7133333333333,919.060815,638.2583333333333,0.0,21.533,21.231166666666663,59.164,56.64266666666666,0.0,,
2024-07-08 11:00:00,23.56191,25.2,22.708335,18.208335,23.660833333333336,48.75666666666667,2.135933333333333,312.7316666666667,919.0176683333334,772.3883333333334,0.0,23.8115,23.5,50.26283333333333,47.29166666666666,0.0,,
2024-07-08 12:00:00,24.543485,25.191665,22.683335,18.208335,25.1935,42.28216666666666,1.5558833333333333,244.38671666666667,918.873505,864.5,0.0,25.351333333333333,25.025666666666663,43.97283333333333,40.80316666666667,0.0,,
2024-07-08 13:00:00,24.81545,25.116665,22.625,18.225,26.0595,38.40983333333334,1.7012166666666668,253.18696666666668,918.5490466666666,915.5333333333332,0.0,26.207,25.901333333333334,40.19666666666667,36.809,0.0,,
2024-07-08 14:00:00,25.015110000000004,25.025,22.600000000000005,18.191665,26.9065,35.53516666666667,1.4047666666666667,257.1717333333333,918.1320716666668,919.5666666666668,0.0,27.060166666666667,26.7425,37.0125,34.141333333333336,0.0,,
2024-07-08 15:00:00,25.947805,24.95833,22.591665000000003,18.2,27.48616666666667,34.4575,1.4872,256.19155,917.722275,845.965,0.0,27.65033333333333,27.3135,36.10850000000001,32.8545,0.0,,
2024-07-08 16:00:00,26.158675,24.891665,22.50833,18.175,27.87983333333333,33.71483333333333,1.4919833333333334,246.4379833333333,917.3243816666668,774.3783333333333,0.0,28.04533333333333,27.704833333333333,35.36033333333333,32.24783333333333,0.0,,
2024-07-08 17:00:00,25.714585,24.8,22.483335,18.116665,27.8365,33.513666666666666,1.2270833333333333,178.79976666666667,916.89165,591.3266666666666,0.0,27.999666666666663,27.67033333333333,35.098,32.035833333333336,0.0,,0.07377984016685697
2024-07-08 18:00:00,25.217815,24.716664999999995,22.466670000000004,18.141665,28.07483333333333,31.83833333333333,0.7585,235.77916666666667,916.6664383333332,415.0416666666667,0.0,28.226166666666664,27.910500000000003,33.22633333333333,30.532,0.0,,
2024-07-08 19:00:00,24.381785,24.708335,22.491665,18.1,27.12066666666667,34.12166666666666,0.7867333333333334,76.27136666666667,916.4614866666668,230.98666666666668,0.0,27.271,26.960666666666665,35.236,33.1375,0.0,,
2024-07-08 20:00:00,21.662195,24.766665,22.41666,18.1,25.473166666666668,42.068333333333335,0.2979666666666666,73.48066666666666,916.6272533333332,70.67399999999999,0.0,25.61433333333333,25.32033333333333,43.040333333333336,41.010666666666665,0.0,,
2024-07-08 21:00:00,16.812905,24.708335,22.416665,18.1,21.42683333333333,53.894,1.1509166666666668,152.595,916.80894,0.9982833333333332,0.0,21.59783333333333,21.256,54.550666666666665,53.2945,0.0,,
2024-07-08 22:00:00,14.50693,24.75833,22.424995,18.108335,17.05216666666667,72.79116666666667,1.6867833333333333,199.9116666666667,917.3934383333332,0.0,0.0,17.203500000000002,16.897833333333335,72.98833333333333,72.57466666666666,0.0,,
2024-07-08 23:00:00,14.59342,24.708335,22.40833,18.1,18.380333333333333,67.736,2.374283333333333,180.82666666666668,917.7733416666669,0.0,0.0,18.5325,18.22383333333333,67.93366666666667,67.53866666666667,0.0,,
2024-07-09 00:00:00,16.38734,24.708335,22.416665,18.1,18.51533333333333,67.26783333333334,2.29295,179.895,918.0830583333334,0.0,0.0,18.660833333333336,18.354,67.50616666666666,67.03566666666667,0.0,5.497959991481795,
2024-07-09 01:00:00,16.710150000000002,24.7,22.399999999999995,18.1,17.825833333333332,72.12566666666666,2.3375666666666666,192.32333333333327,918.042745,0.0,0.0,17.979499999999998,17.668666666666663,72.367,71.87883333333333,0.0,,
2024-07-09 02:00:00,15.182685,24.758335,22.399999999999995,18.1,15.8405,81.25866666666667,1.9963,197.27,917.8239483333332,0.0,0.0,15.979833333333334,15.688166666666666,81.405,81.08866666666667,0.0,,
2024-07-09 03:00:00,13.859915,24.7,22.425,18.091665000000003,14.818333333333332,85.72833333333332,1.9925666666666664,193.37,917.555815,0.0,0.0,14.9525,14.669333333333332,85.87666666666668,85.58833333333334,0.0,,
2024-07-09 04:00:00,12.67556,24.7,22.399999999999995,18.1,14.186833333333334,86.95333333333333,0.8516833333333333,146.3766666666667,917.4809116666668,0.0,0.0,14.326833333333331,14.036333333333332,87.13166666666666,86.76,0.0,,
2024-07-09 05:00:00,10.744835,24.7,22.399999999999995,18.1,11.684333333333331,92.79,0.6274833333333334,142.035,917.6248066666668,0.0,0.0,11.826833333333331,11.525,93.025,92.54833333333332,0.0,,
2024-07-09 06:00:00,9.7359,24.708335,22.425,18.1,10.130833333333332,96.55,1.2562,192.16666666666663,917.574845,12.559966666666666,0.0,10.273,9.975333333333332,96.69166666666666,96.38166666666666,0.0,,
2024-07-09 07:00:00,11.8303,24.7,22.399999999999995,18.1,13.4435,91.45783333333334,0.97405,162.845,917.5969416666668,122.1075,0.0,13.607,13.280666666666669,91.73183333333331,91.153,0.0,,
2024-07-09 08:00:00,17.260125,24.7,22.399999999999995,18.1,18.342166666666667,71.88916666666667,0.5568000000000001,274.1426666666667,917.6933033333332,298.4116666666667,0.0,18.484666666666666,18.18883333333333,72.729,71.0625,0.0,,
2024-07-09 09:00:00,21.269475,24.7,22.40833,18.1,21.95433333333333,62.85183333333334,1.04655,277.71365,917.5363566666668,474.8316666666667,0.0,22.099666666666668,21.79416666666667,64.3255,61.50933333333333,0.0,,
2024-07-09 10:00:00,24.52415,24.66667,22.399999999999995,18.1,25.528,49.21266666666667,1.2414666666666667,255.646,917.4026516666668,638.1,0.0,25.6755,25.372,50.718,47.7835,0.0,,
2024-07-09 11:00:00,26.04041,24.608335,22.391665,18.05833,27.93616666666667,41.89833333333333,0.99415,229.7121833333333,917.2100166666668,771.2733333333333,0.0,28.0905,27.767666666666667,43.327666666666666,40.577,0.0,,
2024-07-09 12:00:00,26.531515,24.533330000000003,22.33333,18.04167,29.37333333333333,29.4725,1.549216666666667,159.32999999999998,916.9736366666668,868.2833333333333,0.0,29.52833333333333,29.2065,31.027,28.07033333333333,0.0,,0.1844547732057266
2024-07-09 13:00:00,26.453765,24.441665,22.3,18.0,30.383166666666668,27.828666666666667,1.1600833333333334,172.9121,916.4878316666668,909.4833333333332,0.0,30.545666666666666,30.208666666666662,29.21733333333333,26.633333333333333,0.0,,0.15528445740716504
2024-07-09 14:00:00,26.81074,24.358335,22.25,17.96667,30.853666666666665,29.4705,1.3533,161.89675,916.0719216666668,896.6,0.0,31.015,30.678166666666662,30.799666666666667,28.28633333333333,0.0,,0.4081129811714859
2024-07-09 15:00:00,27.20971,24.275,22.191665,17.966665000000003,31.258166666666668,28.252,1.7457166666666666,151.45466666666667,915.82531,834.0433333333333,0.0,31.4125,31.085,29.40683333333333,27.247166666666665,0.0,,0.9740796126873033
2024-07-09 16:00:00,27.26555,24.2,22.116665,17.891665,30.70233333333333,34.973,2.38565,57.69533333333333,915.67652,684.9016666666666,0.0,30.855166666666666,30.540000000000003,36.1945,33.882333333333335,0.0,,1.8864903992549982
2024-07-09 17:00:00,27.697655,24.108335,22.108335,17.875,29.968166666666665,36.31133333333333,2.394333333333333,63.29733333333333,915.4770116666666,567.3866666666667,0.0,30.117666666666665,29.80816666666667,37.25483333333333,35.38133333333334,0.0,,1.387128243888158
2024-07-09 18:00:00,26.75819,24.058335,22.100000000000005,17.81667,29.686833333333333,36.056,1.6761666666666666,74.1365,915.414245,398.92,0.0,29.826166666666666,29.527833333333334,36.908,35.261833333333335,0.0,,
2024-07-09 19:00:00,26.218775000000004,24.00833,22.075000000000003,17.85,28.71733333333333,37.344,1.3963333333333334,106.55083333333332,915.46199,214.295,0.0,28.858,28.559833333333334,37.871833333333335,36.888333333333335,0.0,,
2024-07-09 20:00:00,24.0312,23.991665,22.075,17.841665000000003,26.709333333333333,44.6535,0.6365999999999999,122.19433333333332,915.74607,56.143166666666666,0.0,26.85383333333333,26.550166666666662,45.002500000000005,44.36866666666666,0.0,,
2024-07-09 21:00:00,20.188955,24.00833,22.091665000000003,17.825,23.407666666666668,57.55433333333333,1.0299166666666666,156.275,916.0196616666668,0.6657333333333334,0.0,23.549666666666667,23.26066666666667,57.7695,57.35083333333333,0.0,,
2024-07-09 22:00:00,17.734379999999998,24.01666,22.041665,17.808335,22.5245,59.66383333333333,1.5737,155.46666666666667,916.6768166666666,0.0,0.0,22.660500000000003,22.38283333333333,59.834,59.5075,0.0,,
2024-07-09 23:00:00,18.045125,23.991665,22.058335,17.808335,20.13133333333333,68.7025,0.4517666666666667,108.94533333333334,917.270925,0.0,0.0,20.296333333333333,19.966666666666665,69.06266666666667,68.32,0.0,,
2024-07-10 00:00:00,14.800585,24.0,22.03333,17.816665,19.57733333333333,70.87816666666666,1.2851333333333337,162.52833333333334,917.5739283333334,0.0,0.0,19.72683333333333,19.409,71.09383333333334,70.65516666666667,0.0,5.0633406876315945,
2024-07-10 01:00:00,16.203435,24.0,22.024995,17.833335,19.697333333333333,69.66666666666667,1.3735,178.04751666666667,917.5502216666666,0.0,0.0,19.841833333333334,19.539166666666667,69.88083333333334,69.44416666666666,0.0,,
2024-07-10 02:00:00,14.93369,24.0,22.05833,17.825,17.113833333333332,80.25933333333334,0.3490666666666666,74.44733333333333,917.7077333333332,0.0,0.0,17.267166666666665,16.958833333333335,80.59483333333333,79.90983333333334,0.0,,
2024-07-10 03:00:00,14.20929,24.0,22.00833,17.808335,15.13,89.925,0.3492833333333333,120.13,917.667065,0.0,0.0,15.277166666666666,14.978833333333334,90.12666666666668,89.69333333333334,0.0,,
2024-07-10 04:00:00,14.151765,24.0,22.05,17.81667,14.796,91.9,0.7277833333333333,133.06866666666667,917.482215,0.0,0.0,14.936666666666667,14.638833333333334,92.11666666666666,91.67,0.0,,
2024-07-10 05:00:00,13.071525,24.0,22.016665,17.833335,13.933833333333332,92.695,0.7835333333333333,125.08866666666668,917.3506516666667,0.0,0.0,14.084,13.7815,92.935,92.44833333333332,0.0,,
2024-07-10 06:00:00,12.503,23.941665,22.025,17.8,13.294,94.00166666666668,0.5502,134.165,917.5295783333332,7.476766666666666,0.0,13.4335,13.1285,94.22333333333331,93.75833333333334,0.0,,
2024-07-10 07:00:00,13.758739999999998,23.941665,22.00833,17.8,15.127666666666666,91.07166666666669,0.3936833333333333,137.25,917.85686,108.7255,0.0,15.2755,14.971666666666666,91.33166666666666,90.815,0.0,,
2024-07-10 08:00:00,18.616775,23.95,22.00833,17.8,20.53683333333333,70.91533333333334,0.9313833333333332,212.4116666666667,917.89995,292.955,0.0,20.67866666666667,20.387166666666666,71.70133333333334,70.17949999999999,0.0,,
2024-07-10 09:00:00,22.81265,23.91666,22.016665,17.841665000000003,23.6505,56.589000000000006,0.8865333333333333,278.82375,918.1024533333332,471.68,0.0,23.794500000000003,23.49083333333333,57.653,55.50783333333333,0.0,,
2024-07-10 10:00:00,24.68729,23.891665,22.0,17.81667,25.060333333333336,52.86933333333333,1.2643,260.46396666666664,918.2234566666666,636.35,0.0,25.2135,24.90483333333333,54.03433333333333,51.754333333333335,0.0,,
2024-07-10 11:00:00,25.831235000000003,23.866665,22.0,17.791665,26.985666666666667,51.58316666666666,2.0047333333333333,162.47131666666667,918.2586333333333,768.5633333333334,0.0,27.1455,26.8245,53.058,50.3455,0.0,,
2024-07-10 12:00:00,27.288855,23.8,22.0,17.825,29.445,45.021166666666666,2.1032333333333333,44.41566666666667,918.2115416666668,860.8,0.0,29.604,29.27833333333333,46.459500000000006,43.724,0.0,,0.24167761773314966
2024-07-10 13:00:00,27.64794,23.675,21.899999999999995,17.741670000000003,30.461666666666662,40.627500000000005,2.11455,48.69623333333333,918.0770933333332,896.1133333333333,0.0,30.618166666666664,30.2955,41.9335,39.38966666666667,0.0043288711288708,,0.5555202845366886
2024-07-10 14:00:00,27.796685,23.608335,21.833335,17.691665,30.41483333333333,36.61300000000001,2.01605,56.67208333333333,917.8104583333334,606.1266666666667,0.0,30.6065,30.210833333333333,37.96583333333333,35.37133333333334,0.011654945054945,,1.1346408212599424
2024-07-10 15:00:00,26.41453,23.525,21.775,17.650000000000002,30.2765,38.53416666666667,2.0223,49.884,917.6799433333332,614.745,0.0,30.46633333333333,30.073,39.67550000000001,37.39416666666667,0.0189810189810192,,
2024-07-10 16:00:00,27.293015,23.45833,21.741665,17.633335,30.230166666666666,36.79683333333333,2.325416666666667,50.781216666666666,917.44148,475.8033333333333,0.0,30.41483333333333,30.03216666666667,37.962,35.693666666666665,0.023643156843157,,
2024-07-10 17:00:00,27.114015,23.399999999999995,21.7,17.599999999999998,30.630666666666663,35.15566666666667,2.0586666666666664,52.48033333333333,917.2750466666668,562.6650000000001,0.0,30.799,30.471,36.379333333333335,34.020833333333336,0.0289710289710291,,
2024-07-10 18:00:00,27.181555,23.366665,21.7,17.566665,30.075,38.189166666666665,2.2363833333333334,47.756166666666665,917.169045,396.4716666666666,0.0,30.2265,29.916666666666668,39.09366666666666,37.2565,0.0316351648351648,,
2024-07-10 19:00:00,26.78199,23.333335,21.683335,17.55,29.0045,41.934,1.5653666666666666,57.54333333333333,917.2142833333334,215.41666666666663,0.0,29.152833333333334,28.843,42.56016666666667,41.34066666666667,0.0342989010989011,,
2024-07-10 20:00:00,24.279915,23.3,21.666665,17.566665,26.919,49.70616666666667,0.44475,62.13699999999999,917.4603316666668,63.373333333333335,0.0,27.06433333333333,26.76683333333333,50.21483333333333,49.18266666666667,0.035631168831169,,
2024-07-10 21:00:00,19.28805,23.3,21.675,17.558335,22.53033333333333,64.57233333333333,0.1207333333333333,77.21166666666666,917.7939166666667,0.6495666666666666,0.0,22.6785,22.367166666666662,64.99416666666667,64.17816666666667,0.035630969030969,,
2024-07-10 22:00:00,17.11255,23.325,21.633335,17.575,21.8475,68.7105,0.3493333333333333,92.88216666666668,918.282815,0.0,0.0,22.002666666666663,21.697166666666664,68.8775,68.54516666666667,0.0356309690309693,,
2024-07-10 23:00:00,17.426485,23.308335,21.65,17.533335,21.5535,70.903,0.8165,105.95216666666668,918.824565,0.0,0.0,21.69533333333333,21.419500000000003,71.06316666666666,70.75133333333333,0.0372959040959041,,
2024-07-11 00:00:00,17.671545,23.3,21.625,17.583335,20.3435,78.132,0.7242666666666667,77.64433333333334,919.0009416666668,0.0,0.0,20.4905,20.18283333333333,78.31466666666667,77.95766666666667,0.0366299700299699,5.253989392582065,
2024-07-11 01:00:00,16.62676,23.31667,21.65,17.533334999999997,18.83933333333333,85.90833333333333,0.4950833333333333,54.957166666666666,918.8418066666668,0.0,0.0,18.984,18.686,86.11,85.705,0.0369628371628375,,
2024-07-11 02:00:00,15.42504,23.31667,21.61667,17.508335,16.697166666666668,94.045,0.3714666666666666,122.78596666666668,918.6610266666668,0.0,0.0,16.8355,16.544666666666664,94.25833333333334,93.80166666666668,0.0392937062937065,,
2024-07-11 03:00:00,14.367065000000002,23.3,21.666665,17.55,15.559166666666666,96.75333333333332,0.7016666666666667,220.1653333333333,918.51239,0.0,0.0,15.702666666666666,15.401666666666667,96.96333333333334,96.52666666666669,0.0362971028971026,,
2024-07-11 04:00:00,13.707215,23.383335,21.658330000000003,17.591669999999997,14.323666666666666,98.17,0.5184833333333334,179.08166666666665,918.4555766666668,0.0,0.0,14.471166666666669,14.175,98.33666666666666,98.00833333333334,0.0316349650349651,,
2024-07-11 05:00:00,12.76245,24.083335,21.65,17.575,13.782,99.13666666666668,0.5312,137.065,918.2904616666668,0.0,0.0,13.936833333333334,13.613333333333332,99.28666666666666,98.965,0.0046619380619378,,
2024-07-11 06:00:00,13.900574999999998,24.358335,21.658335,17.55833,15.112666666666666,99.61666666666666,0.3799166666666666,153.73333333333332,918.7806533333334,3.2197166666666663,0.0,15.251833333333334,14.949833333333334,99.77333333333333,99.46166666666666,0.0,,
2024-07-11 07:00:00,15.795325,24.48333,21.625,17.51667,16.228333333333335,99.74833333333332,0.2743166666666666,55.841883333333335,918.9350266666668,55.92433333333334,0.0,16.375833333333333,16.075166666666668,99.87,99.585,0.0,,
2024-07-11 08:00:00,17.52112,24.55,21.616665,17.508335,17.456666666666667,99.705,0.7759833333333332,59.46508333333333,919.0609433333334,215.18166666666667,0.0,17.59416666666667,17.29733333333333,99.855,99.54333333333332,0.0,,
2024-07-11 09:00:00,20.006975,24.600000000000005,21.600000000000005,17.58333,21.41033333333333,83.61566666666666,1.5326166666666663,67.05616666666667,918.9377733333332,449.1316666666667,0.0,21.57433333333333,21.254666666666665,84.42383333333333,82.7855,0.0,,
2024-07-11 10:00:00,23.979425000000003,24.65,21.600000000000005,17.566665,25.694000000000003,59.434333333333335,1.68525,103.409,918.4980266666666,613.7466666666667,0.0,25.840666666666667,25.5425,60.249833333333335,58.584500000000006,0.0,,
2024-07-11 11:00:00,25.91279,24.600000000000005,21.608335,17.583335,27.830666666666666,53.913,1.6772,106.97766666666666,918.1900116666668,751.535,0.0,27.9845,27.6585,55.21383333333333,52.69116666666666,0.0,,
2024-07-11 12:00:00,26.8028,24.600000000000005,21.591665000000003,17.55,29.4285,48.79,1.96265,108.88633333333334,917.895995,843.6166666666667,0.0,29.601666666666667,29.249166666666667,50.16483333333333,47.38666666666666,0.0,,0.44262590378904815
2024-07-11 13:00:00,28.25631,24.600000000000005,21.575000000000003,17.516665,30.561666666666667,40.85266666666666,2.67925,146.45666666666665,917.5724416666668,879.6666666666666,0.0,30.72,30.3895,41.776833333333336,40.0495,0.0,,0.6542581025130852
2024-07-11 14:00:00,28.239985,24.50833,21.533330000000003,17.533334999999997,31.181500000000003,39.30783333333333,2.7162833333333336,148.73,917.1988083333332,865.5416666666666,0.0,31.340666666666667,31.00633333333333,40.20766666666667,38.4905,0.0,,1.1786989371870806
2024-07-11 15:00:00,28.476625,24.483335,21.5,17.516665,31.408,39.9795,3.8701,162.35333333333335,916.8755666666668,803.9966666666667,0.0,31.570666666666668,31.24233333333333,40.6815,39.333333333333336,0.0,,
2024-07-11 16:00:00,28.50933,24.40833,21.5,17.5,31.116,40.6705,4.244916666666667,167.48999999999998,916.59716,699.52,0.0,31.281,30.938666666666663,41.276,40.12016666666667,0.0006661338661342,,
2024-07-11 17:00:00,28.04678,24.399999999999995,21.45833,17.508335,30.970333333333333,38.94733333333333,3.9376,165.145,916.258475,547.605,0.0,31.125666666666667,30.806500000000003,39.54066666666667,38.418,0.0023310689310694,,
2024-07-11 18:00:00,27.350085,24.399999999999995,21.483335,17.5,30.360833333333336,39.88433333333333,3.3911666666666664,154.8383333333333,915.9582516666668,365.5,0.0,30.514,30.2015,40.35116666666667,39.4435,0.0016649350649351,,
2024-07-11 19:00:00,26.59575,24.383335,21.5,17.5,29.000166666666665,45.514,3.0763166666666666,145.00833333333333,915.5640933333332,170.85733333333334,0.0,29.153666666666663,28.843666666666667,45.80083333333334,45.24883333333333,0.0016649350649351,,
2024-07-11 20:00:00,25.00539,24.375,21.441665,17.466665,26.68433333333333,54.7325,1.8412166666666667,146.55666666666667,915.3951333333332,23.494950000000003,0.0,26.823666666666668,26.535,54.89566666666666,54.56666666666667,0.005661138861139,,
2024-07-11 21:00:00,22.539305,24.383335,21.450000000000003,17.5,24.385,65.95066666666666,1.0770333333333333,151.38333333333333,915.6135333333332,0.0003333333333333,0.0,24.531,24.229166666666668,66.1065,65.786,0.0036629370629369,,
2024-07-11 22:00:00,21.48526,24.399999999999995,21.466665000000003,17.5,23.0845,74.71583333333334,1.0099166666666666,145.06333333333333,915.925045,0.0,0.0,23.22266666666667,22.934166666666663,74.87116666666667,74.5545,0.0023310689310694,,
2024-07-11 23:00:00,20.86585,24.399999999999995,21.5,17.5,22.347166666666663,79.4305,0.9907333333333334,144.79166666666666,916.1130316666666,0.0,0.0,22.49833333333333,22.21,79.57733333333334,79.29216666666666,0.0009990009990015,,
2024-07-12 00:00:00,20.7859,24.399999999999995,21.5,17.516665,22.52833333333333,77.94133333333333,1.7938833333333333,146.7516666666667,916.18475,0.0,0.0,22.672500000000003,22.381,78.08833333333334,77.79883333333333,0.0003330669330673,5.682700837941708,
2024-07-12 01:00:00,21.172245,24.399999999999995,21.5,17.5,22.028166666666667,83.09283333333333,2.160283333333333,126.45558333333334,917.03344,0.0,0.0,22.175833333333333,21.876166666666663,83.31633333333333,82.88366666666667,0.0009990009990015,,
2024-07-12 02:00:00,20.14766,24.399999999999995,21.5,17.508335,21.59783333333333,86.73333333333333,3.93275,146.58283333333333,915.6852816666668,0.0,0.0,21.7535,21.45283333333333,86.93166666666666,86.54666666666667,0.0006659340659342,,
2024-07-12 03:00:00,20.43189,24.399999999999995,21.5,17.525000000000002,21.64933333333333,86.91000000000001,4.87195,173.85833333333332,914.5295716666666,0.0,0.0,21.788,21.532666666666668,87.04833333333333,86.78166666666667,0.0,,
2024-07-12 04:00:00,21.16731,24.399999999999995,21.483335,17.5,21.767666666666667,87.48333333333333,3.161,75.95745000000001,916.822565,0.0,0.0,21.9145,21.628833333333333,87.64666666666668,87.32333333333332,0.0016649350649351,,
2024-07-12 05:00:00,20.753775,24.399999999999995,21.5,17.56667,22.1055,83.19133333333333,3.3578,166.18249999999998,914.928995,0.0,0.0,22.251166666666663,21.95716666666667,83.67316666666667,82.731,0.0,,
2024-07-12 06:00:00,19.85455,24.399999999999995,21.483335,17.575,21.96966666666667,71.9465,2.2422166666666663,201.44833333333327,914.7059516666668,1.9304666666666668,0.0,22.14783333333333,21.7915,72.52116666666667,71.27783333333333,0.0,,
2024-07-12 07:00:00,20.18399,24.399999999999995,21.5,17.541665,21.773833333333336,75.51866666666666,2.4326,181.90166666666667,914.7114183333334,86.55916666666667,0.0,21.933666666666667,21.60983333333333,75.93766666666667,75.10583333333334,0.0,,
2024-07-12 08:00:00,22.318315,24.399999999999995,21.466665000000003,17.55,23.139666666666667,77.063,2.225216666666667,119.19183333333334,915.6128516666666,193.865,0.0,23.283166666666663,22.97416666666667,77.48516666666666,76.6625,0.0003330669330673,,
2024-07-12 09:00:00,22.851075,24.399999999999995,21.516665,17.525000000000002,22.79583333333333,82.7445,2.3340166666666664,111.22521666666668,916.1436283333334,238.13666666666668,0.0,22.93433333333333,22.6415,83.12833333333333,82.39183333333334,0.0,,
2024-07-12 10:00:00,22.78046,24.38333,21.50833,17.516665,23.001166666666663,81.70450000000001,2.7917166666666664,148.425,915.9158366666668,197.35333333333327,0.0,23.147666666666662,22.84933333333333,82.02933333333334,81.38366666666667,0.0006663336663336,,
2024-07-12 11:00:00,24.147465,24.399999999999995,21.5,17.566665,25.104666666666667,72.73883333333333,2.554816666666667,173.81,916.1888816666668,371.1166666666667,0.0,25.258333333333333,24.946,73.36816666666667,72.1465,0.0,,
2024-07-12 12:00:00,27.46484,24.341665000000003,21.5,17.591665000000003,29.496,54.140166666666666,3.994916666666666,171.83166666666665,915.66789,858.7666666666667,0.0,29.673333333333336,29.323666666666668,55.040333333333336,53.28783333333333,0.0,,1.2590908109546184
2024-07-12 13:00:00,29.40434,24.225,21.5,17.53333,31.928,47.154833333333336,2.638416666666666,173.73,915.454435,843.9033333333333,0.0,32.10316666666667,31.750833333333333,48.1175,46.305,0.0066601398601396,,0.8579589717527716
2024-07-12 14:00:00,30.379925,24.208335,21.491665,17.508335,33.50866666666666,42.50416666666667,2.56845,165.84333333333333,915.414005,902.705,0.0,33.687,33.314166666666665,43.2615,41.76316666666666,0.008657942057942,,1.0722994626403641
2024-07-12 15:00:00,29.52019,24.091665000000003,21.425,17.508335,34.243,37.30116666666667,2.900183333333333,152.23666666666668,915.2312116666668,768.7866666666666,0.0,34.42483333333334,34.0585,38.1125,36.54516666666667,0.0159840159840162,,
2024-07-12 16:00:00,30.493614999999995,24.00833,21.399999999999995,17.45,35.097833333333334,38.584500000000006,3.121666666666667,161.15,914.8548383333332,767.6383333333334,0.0,35.27466666666667,34.90866666666667,39.239,37.8855,0.0226441558441561,,
2024-07-12 17:00:00,30.065285,23.949995,21.383335,17.408334999999997,34.82733333333333,36.998666666666665,3.5483333333333333,152.48999999999998,914.6149066666666,558.5133333333334,0.0,34.992,34.662166666666664,37.44616666666666,36.6,0.0273060939060939,,
2024-07-12 18:00:00,29.519755,23.916665,21.316665,17.4,34.051833333333335,37.434333333333335,3.786666666666666,160.81,914.5285366666668,388.4666666666666,0.0,34.199666666666666,33.894333333333336,37.851,37.0185,0.0316351648351648,,
2024-07-12 19:00:00,28.84813,23.899999999999995,21.316665,17.391665,32.57666666666667,47.51366666666667,3.0470333333333333,155.36833333333334,914.7158166666668,211.015,0.0,32.717666666666666,32.422333333333334,47.82533333333333,47.2255,0.0326341658341657,,
2024-07-12 20:00:00,26.39964,23.88333,21.31667,17.391665,29.946666666666665,56.98116666666667,1.1879,122.60516666666668,915.0762116666666,47.72716666666667,0.0,30.0995,29.78833333333333,57.2225,56.74816666666666,0.0333000999000999,,
2024-07-12 21:00:00,23.6296,23.86667,21.3,17.4,26.43316666666667,71.09666666666666,0.7313666666666666,130.81166666666667,915.0122983333332,0.1802666666666666,0.0,26.5695,26.28666666666667,71.305,70.8795,0.0342989010989011,,
2024-07-12 22:00:00,20.670305,23.883335,21.31667,17.4,24.807333333333336,70.86416666666668,1.02635,112.69433333333332,915.3726566666668,0.0,0.0,24.96433333333333,24.634833333333333,71.43900000000001,70.27866666666667,0.0329668331668329,,
2024-07-12 23:00:00,23.3356,23.899999999999995,21.38333,17.4,27.09,56.06333333333334,3.1330666666666667,157.67333333333332,915.2672483333332,0.0,0.0,27.2395,26.93433333333333,56.211666666666666,55.91783333333333,0.029637162837163,,
2024-07-13 00:00:00,22.12696,23.899999999999995,21.325,17.391665,24.059666666666665,69.48649999999999,1.1454666666666666,97.75033333333334,915.4136,0.0,0.0,24.23966666666667,23.878,69.91283333333334,69.074,0.032301098901099,5.325586123955149,
2024-07-13 01:00:00,20.04389,23.891665,21.325,17.4,23.409,72.48299999999999,1.04135,97.3065,914.8673733333331,0.0,0.0,23.575,23.235333333333333,72.9075,72.0835,0.0323010989010987,,
2024-07-13 02:00:00,19.82409,23.899999999999995,21.325,17.4,21.28333333333333,87.39333333333335,1.0585833333333334,57.834833333333336,914.6272566666668,0.0,0.0,21.4535,21.116666666666667,87.79166666666667,87.00733333333334,0.0319680319680321,,
2024-07-13 03:00:00,19.329185,23.899999999999995,21.333335,17.4,19.65083333333333,96.91666666666669,0.9709666666666668,56.65091666666667,914.30927,0.0,0.0,19.8015,19.5,97.05666666666666,96.74833333333332,0.0316349650349654,,
2024-07-13 04:00:00,18.404375,23.891665,21.31667,17.4,19.436333333333334,96.24,1.168,130.65623333333332,915.3984266666666,0.0,0.0,19.59083333333333,19.271,96.52166666666668,95.96,0.032633966033966,,
2024-07-13 05:00:00,20.85325,23.891665,21.358335,17.4,23.105666666666664,64.88383333333333,2.87225,58.94635,916.2468283333332,0.0,0.0,23.261333333333333,22.9465,65.3065,64.50216666666667,0.0309690309690308,,
2024-07-13 06:00:00,19.974225,23.88333,21.3,17.4,21.568666666666665,62.42733333333333,0.7264333333333333,82.34983333333334,915.352955,2.9837,0.0,21.712,21.421333333333333,62.75033333333333,62.07816666666667,0.0336331668331666,,
2024-07-13 07:00:00,18.541755,23.88333,21.35,17.4,22.7415,55.431,0.39085,81.35650000000001,915.17852,103.3805,0.0,22.893,22.587666666666667,56.006166666666665,54.899166666666666,0.0316351648351648,,
2024-07-13 08:00:00,21.74284,23.85,21.341665000000003,17.4,25.044500000000003,49.53833333333333,0.81325,91.44866666666668,914.8407883333332,187.97166666666664,0.0,25.1855,24.886666666666667,50.3515,48.90933333333333,0.0333000999000999,,
2024-07-13 09:00:00,24.499915,23.825000000000003,21.35833,17.4,28.15266666666667,43.1035,1.53005,91.57116666666668,914.62647,348.99,0.0,28.323833333333333,27.973166666666668,43.72283333333333,42.4685,0.0336331668331666,,
2024-07-13 10:00:00,25.794870000000003,23.8,21.3,17.4,27.300166666666662,54.39083333333333,2.4715166666666666,102.8028,916.2883183333332,221.99983333333333,0.0,27.4725,27.113,55.04366666666667,53.7245,0.0369630369630368,,
2024-07-13 11:00:00,25.01509,23.725,21.308335,17.4,26.59733333333333,65.14683333333333,1.5337500000000002,116.72275,917.0306733333332,354.385,0.0,26.7465,26.43133333333333,65.78483333333334,64.49883333333334,0.0396269730269729,,
2024-07-13 12:00:00,27.607935,23.7,21.3,17.4,29.45533333333333,56.04466666666666,2.045933333333333,70.78533333333333,916.71477,787.5216666666668,0.0,29.6135,29.283,57.17233333333333,55.0825,0.0409590409590414,,0.14093756923312087
2024-07-13 13:00:00,28.96927,23.66667,21.3,17.333335,31.42366666666667,48.268,2.1723,61.273,916.2798483333332,880.45,0.0,31.57583333333333,31.25483333333333,49.67016666666667,47.017500000000005,0.0449548451548449,,0.4161302498630754
2024-07-13 14:00:00,29.95909,23.549995,21.241665,17.308335,34.02466666666667,35.80133333333333,1.7544166666666667,85.31216666666667,915.6286083333332,872.5,0.0,34.18333333333333,33.85033333333333,36.857,34.90266666666666,0.0529472527472528,,0.8834777044655966
2024-07-13 15:00:00,30.273685,23.458335,21.2,17.3,34.49816666666666,38.790333333333336,2.2108833333333333,44.24316666666667,915.5924416666666,808.7566666666667,0.0,34.65316666666667,34.334500000000006,39.9725,37.68183333333333,0.0586079920079918,,1.6928950625532484
2024-07-13 16:00:00,30.24285,23.366665,21.191665,17.28333,34.782666666666664,39.69683333333333,2.170733333333333,45.06701666666667,915.45259,699.535,0.0,34.938,34.61383333333333,40.86983333333333,38.47133333333333,0.0632703296703296,,
2024-07-13 17:00:00,30.013025,23.3,21.133335,17.216665,34.88316666666666,38.02,2.0588333333333333,44.13216666666666,915.2609583333334,557.3616666666666,0.0,35.0435,34.7185,39.02616666666667,36.99,0.0709290709290711,,
2024-07-13 18:00:00,29.150175,23.225,21.1,17.208335,34.4515,39.053666666666665,1.6895666666666669,41.43,915.2047916666668,385.1833333333333,0.0,34.599833333333336,34.2985,40.067,38.06733333333333,0.0755910089910089,,
2024-07-13 19:00:00,27.82905,23.241665,21.05833,17.2,33.39066666666667,40.84216666666667,0.7663833333333333,40.79216666666667,915.2246816666668,212.08166666666665,0.0,33.538333333333334,33.232,41.850166666666674,39.72733333333333,0.0769232767232764,,
2024-07-13 20:00:00,25.640515000000004,23.2,21.091665000000003,17.2,31.1565,53.7395,0.2922833333333333,41.1865,915.0683233333332,60.21625,0.0,31.305333333333333,30.987166666666667,54.43183333333333,53.024,0.0772561438561437,,
2024-07-13 21:00:00,23.546365,23.2,21.075,17.191665,26.956333333333337,70.68466666666667,0.2321333333333333,104.24466666666667,915.221635,0.3540333333333333,0.0,27.10683333333333,26.798333333333336,70.89266666666667,70.46966666666667,0.0782551448551449,,
2024-07-13 22:00:00,21.2094,23.25,21.083335,17.2,24.596,75.97683333333333,0.06725,19.598333333333336,915.5839883333332,0.0,0.0,24.758166666666668,24.442666666666664,76.2465,75.6695,0.0755910089910089,,
2024-07-13 23:00:00,19.345560000000003,23.275,21.1,17.2,20.448500000000003,89.15,0.6626833333333334,114.34,915.8132216666668,0.0,0.0,20.59883333333333,20.29133333333333,89.45833333333333,88.825,0.0739260739260737,,
2024-07-14 00:00:00,17.99813,23.3,21.083335,17.2,18.5375,94.98333333333332,1.3555166666666667,182.63,915.9575366666668,0.0,0.0,18.688333333333333,18.366333333333333,95.205,94.735,0.0735930069930071,5.675174167025019,
2024-07-14 01:00:00,17.595525,23.23333,21.075,17.208335,19.541833333333333,94.06166666666668,0.6784166666666667,159.41716666666667,915.71962,0.0,0.0,19.692166666666665,19.376666666666665,94.32833333333332,93.775,0.0762571428571431,,
2024-07-14 02:00:00,17.625960000000003,23.249995,21.091665000000003,17.224999999999998,19.34433333333333,94.54333333333334,0.3953333333333333,125.78966666666666,915.2528066666669,0.0,0.0,19.5025,19.177666666666667,94.80833333333334,94.26666666666668,0.0742593406593404,,
2024-07-14 03:00:00,16.359840000000002,23.283330000000003,21.075,17.208335,17.296333333333333,97.78166666666668,0.9045333333333332,197.57,915.15542,0.0,0.0,17.44783333333333,17.1295,97.96666666666668,97.58,0.0742591408591404,,
2024-07-14 04:00:00,16.98191,23.2,21.091665000000003,17.2,18.639333333333333,95.825,0.5403833333333333,171.35,915.0802216666668,0.0,0.0,18.785833333333336,18.48333333333333,96.03666666666666,95.59666666666666,0.0772561438561437,,
2024-07-14 05:00:00,18.207455,23.2,21.083335,17.2,20.2025,88.72,3.7784,28.25255,917.1019266666666,0.0,0.0,20.37333333333333,20.03183333333333,89.05666666666666,88.3495,0.0775890109890106,,
2024-07-14 06:00:00,17.800915,23.2,21.108335,17.2,18.36433333333333,83.78166666666667,2.872183333333333,54.34133333333333,917.6983933333332,5.879966666666666,0.0,18.505666666666663,18.209666666666667,84.015,83.54166666666667,0.0765900099900104,,
2024-07-14 07:00:00,17.33768,23.2,21.083335,17.208335,18.2605,80.28233333333334,2.0679666666666665,43.46266666666667,918.2543166666668,88.911,0.0,18.404333333333334,18.107166666666668,80.57933333333334,79.96000000000001,0.077255944055944,,
2024-07-14 08:00:00,18.888365,23.2,21.05,17.224999999999998,20.023666666666667,72.10866666666668,1.86355,61.99633333333334,918.3669866666668,273.90833333333336,0.0,20.165333333333333,19.858666666666668,72.58933333333333,71.67116666666668,0.0779220779220779,,
2024-07-14 09:00:00,21.650045,23.2,21.083335,17.158334999999997,23.083,59.38483333333333,1.5316166666666668,79.85833333333333,918.0122566666666,433.03333333333336,0.0,23.244666666666667,22.921666666666667,60.04416666666667,58.776,0.0792539460539458,,
2024-07-14 10:00:00,24.490575,23.116665,21.041665,17.2,26.865333333333336,45.36983333333333,1.7338166666666666,122.68383333333333,917.5159916666668,606.4266666666666,0.0,27.01683333333333,26.703333333333333,46.0535,44.6785,0.0825842157842161,,
2024-07-14 11:00:00,27.263855,23.049995,21.1,17.183335,30.418666666666663,35.537166666666664,2.0942,129.58133333333333,917.3269183333334,738.3616666666666,0.0,30.578666666666667,30.254666666666665,36.2255,34.95466666666667,0.083583216783217,,
2024-07-14 12:00:00,27.95851,22.95,21.0,17.166665,31.643833333333337,35.4345,3.172083333333333,166.10166666666666,917.0568116666668,831.1866666666666,0.0,31.809833333333334,31.46466666666667,36.04816666666667,34.8225,0.092241158841159,,
2024-07-14 13:00:00,28.90649,22.875,20.966665000000003,17.1,32.28366666666667,35.79316666666667,3.706616666666666,174.42166666666665,916.662235,879.1083333333333,0.0,32.454166666666666,32.097166666666666,36.33866666666667,35.236999999999995,0.0992341658341652,,
2024-07-14 14:00:00,28.36131,22.783330000000003,20.891665,17.091665000000003,32.504333333333335,36.91033333333333,3.063616666666667,166.495,916.3590833333332,619.51,0.0,32.67466666666667,32.325,37.4875,36.4025,0.1062273726273725,,
2024-07-14 15:00:00,29.651425,22.70833,20.85833,17.033334999999997,33.576166666666666,36.771,3.232833333333333,169.95833333333334,915.834005,772.985,0.0,33.747,33.4015,37.3405,36.24033333333333,0.1128873126873128,,
2024-07-14 16:00:00,29.48508,22.61667,20.8,16.991665,34.246833333333335,37.799,2.618383333333333,158.35333333333335,915.2898966666668,656.1716666666667,0.0,34.408166666666666,34.06433333333333,38.35133333333333,37.27183333333333,0.1205460539460539,,
2024-07-14 17:00:00,29.531215000000003,22.600000000000005,20.8,16.974999999999998,34.54633333333334,36.575833333333335,2.04305,146.32833333333335,914.726835,532.72,0.0,34.69666666666667,34.38699999999999,37.09816666666666,36.133,0.1218781218781217,,
2024-07-14 18:00:00,28.863395,22.525,20.775,16.9,34.33166666666667,37.73350000000001,2.301133333333333,147.29833333333332,914.13646,376.06666666666666,0.0,34.4815,34.174,38.134,37.36533333333333,0.1288711288711293,,
2024-07-14 19:00:00,28.4007,22.516665,20.733335,16.9,33.095,41.459500000000006,1.8342,141.04166666666666,913.799655,175.99766666666667,0.0,33.23983333333333,32.936166666666665,41.7285,41.214333333333336,0.1308691308691311,,
2024-07-14 20:00:00,26.210585,22.5,20.75,16.891665,30.386000000000003,52.59133333333333,0.4590333333333333,102.20053333333334,913.728175,43.571000000000005,0.0,30.53633333333333,30.229166666666668,53.01833333333333,52.1635,0.1312021978021977,,
2024-07-14 21:00:00,23.87764,22.5,20.7,16.9,27.444333333333336,63.70583333333333,0.4603166666666666,123.37233333333332,913.9820783333332,0.0009833333333333,0.0,27.578333333333333,27.2965,63.85566666666667,63.5495,0.1328671328671328,,
2024-07-14 22:00:00,22.757015,22.5,20.7,16.9,26.3445,69.04566666666666,0.4855,146.28833333333333,914.317885,0.0,0.0,26.482166666666668,26.19366666666667,69.18466666666667,68.90616666666666,0.1328671328671328,,
2024-07-14 23:00:00,23.229675,22.525,20.708335,16.9,26.106166666666663,70.26816666666667,1.2231833333333335,152.5016666666667,914.4176266666668,0.0,0.0,26.253666666666668,25.954833333333333,70.40983333333334,70.1165,0.131535064935065,,
2024-07-15 00:00:00,23.15517,22.524995,20.7,16.9,25.217,75.63550000000001,1.1687166666666668,149.975,914.3425983333332,0.0,0.0,25.3595,25.063333333333333,75.80683333333333,75.4665,0.131868331668332,5.756355761987023,
2024-07-15 01:00:00,21.25768,22.51666,20.7,16.88333,24.02233333333333,80.87933333333334,1.3555,165.78,913.550375,0.0,0.0,24.1705,23.876166666666663,81.06516666666667,80.68083333333334,0.1328675324675322,,
2024-07-15 02:00:00,20.265835,22.524995,20.7,16.9,22.720666666666663,85.15333333333334,1.5483833333333334,173.31573333333333,912.9406416666668,0.0,0.0,22.868666666666662,22.5865,85.44333333333334,84.87316666666668,0.131868331668332,,
2024-07-15 03:00:00,20.16658,22.516665,20.7,16.858335,22.1345,87.99166666666666,1.2493,184.2866666666667,912.3226183333334,0.0,0.0,22.27983333333333,21.9955,88.24666666666667,87.73666666666666,0.1338661338661337,,
2024-07-15 04:00:00,20.58338,22.524995,20.7,16.9,21.654333333333334,91.72333333333331,1.88015,189.8883333333333,912.7440283333332,0.0,0.0,21.794500000000003,21.51533333333333,91.955,91.51333333333334,0.131868331668332,,
2024-07-15 05:00:00,20.298425,22.5,20.7,16.891665,21.206666666666667,86.93616666666667,2.1437666666666666,193.1233333333333,912.223885,0.0,0.0,21.349,21.0535,87.234,86.61633333333334,0.1332001998001995,,
2024-07-15 06:00:00,19.72606,22.533335,20.7,16.9,20.3225,80.09316666666668,2.031333333333333,193.77666666666667,911.9650766666668,2.9258,0.0,20.46783333333333,20.164166666666667,80.4255,79.76666666666667,0.131535064935065,,
2024-07-15 07:00:00,19.07457,22.5,20.7,16.88333,21.663,67.882,1.6147833333333332,201.99666666666664,912.036345,52.16016666666667,0.0,21.820833333333333,21.5025,68.31466666666667,67.4025,0.1335332667332668,,
2024-07-15 08:00:00,21.66742,22.5,20.7,16.9,25.15233333333333,51.64816666666666,1.7344333333333333,244.1,912.6063583333332,167.08666666666667,0.0,25.299166666666668,24.991,52.10966666666666,51.17733333333333,0.1328671328671328,,
2024-07-15 09:00:00,24.239105,22.5,20.7,16.9,27.7985,47.19266666666667,0.99305,264.8162,912.84696,446.56666666666666,0.0,27.95383333333333,27.639333333333333,48.1205,46.25233333333333,0.1328671328671328,,
2024-07-15 10:00:00,26.52963,22.416665,20.7,16.85,30.43,40.4335,1.5431,294.3583333333333,912.8874566666668,610.4533333333333,0.0,30.5795,30.262833333333333,41.274,39.6615,0.1381952047952049,,
2024-07-15 11:00:00,28.29189,22.383335,20.6,16.841665,31.944333333333336,39.64433333333333,3.4964166666666667,84.02585,913.3036983333332,742.4116666666666,0.0,32.10016666666667,31.7775,40.66566666666667,38.59983333333333,0.1438561438561439,,
2024-07-15 12:00:00,29.223325,22.325000000000003,20.6,16.791665000000002,32.808166666666665,34.55133333333333,4.6892,43.52583333333334,913.4010116666668,810.92,0.0,32.9675,32.637166666666666,35.396,33.661833333333334,0.1481852147852148,,
2024-07-15 13:00:00,29.0502,22.208335,20.566665,16.708334999999998,32.35066666666667,37.28616666666667,4.464083333333334,36.64066666666667,913.61544,640.9333333333333,0.0,32.50783333333333,32.189,38.056333333333335,36.52216666666666,0.1575090909090908,,
2024-07-15 14:00:00,28.81085,22.15,20.525,16.7,32.5425,34.23866666666667,4.056883333333333,48.2905,913.8754816666666,600.4933333333333,0.0,32.696,32.38166666666667,35.03416666666667,33.525333333333336,0.161838161838162,,
2024-07-15 15:00:00,27.903965,22.049995000000003,20.416665,16.625,32.221,34.0835,2.682816666666666,56.48566666666667,913.7563933333332,531.0216666666666,0.0,32.388333333333335,32.0415,34.8465,33.33566666666667,0.1731604395604394,,
2024-07-15 16:00:00,29.128485,22.0,20.4,16.6,33.48866666666667,32.544666666666664,2.29335,64.81216666666667,913.2149316666668,654.8116666666666,0.0,33.654666666666664,33.31433333333333,33.464,31.786166666666663,0.1768231768231769,,
2024-07-15 17:00:00,29.066305,21.941665,20.375,16.525,33.42033333333333,31.62333333333333,2.03575,69.81716666666667,912.8655083333334,501.625,0.0,33.5705,33.254333333333335,32.434333333333335,30.851333333333333,0.1831502497502499,,
2024-07-15 18:00:00,28.832885,21.9,20.3,16.5,32.70616666666667,34.502833333333335,1.3620166666666669,71.24966666666666,912.4799916666668,318.5816666666667,0.0,32.869,32.53333333333333,35.225166666666674,33.8975,0.1888111888111889,,
2024-07-15 19:00:00,27.03322,21.9,20.25833,16.46667,31.657666666666668,34.87283333333333,0.7172666666666667,108.90316666666666,912.4314966666666,146.86,0.0,31.800833333333333,31.506166666666665,35.28883333333333,34.51,0.1918081918081919,,
2024-07-15 20:00:00,24.51705,21.9,20.28333,16.5,28.953666666666667,43.92666666666666,0.4117833333333333,97.535,912.8381733333332,32.34845,0.0,29.091666666666665,28.799666666666667,44.51983333333333,43.37083333333333,0.1894773226773226,,
2024-07-15 21:00:00,21.371655,21.9,20.3,16.466665,24.362666666666662,60.181,0.6672333333333333,115.16,913.4713433333332,0.3929,0.0,24.523666666666667,24.19383333333333,60.6705,59.751666666666665,0.1901432567432568,,
2024-07-15 22:00:00,21.14574,21.9,20.3,16.491664999999998,22.962333333333333,70.43900000000001,3.6125666666666665,283.25478333333336,915.3711383333334,0.0,0.0,23.125666666666667,22.8,70.96000000000001,69.96533333333333,0.1891442557442559,,
2024-07-15 23:00:00,21.06402,21.916665,20.3,16.5,23.602500000000003,62.7185,4.389799999999999,80.71836666666667,914.8455633333334,0.0,0.0,23.749,23.4475,63.0395,62.386,0.1881452547452547,,
2024-07-16 00:00:00,22.2034,21.9,20.3,16.491664999999998,23.937666666666665,58.3905,1.1737,205.43066666666667,913.9268816666666,0.0,0.0,24.0885,23.7785,58.700500000000005,58.11133333333333,0.1891442557442559,5.273541323016029,
2024-07-16 01:00:00,21.025075,21.9,20.3,16.5,23.538166666666665,57.9265,3.03065,312.27666666666664,915.9417983333332,0.0,0.0,23.689,23.3845,58.184333333333335,57.66983333333334,0.1888111888111889,,
2024-07-16 02:00:00,20.271045,21.9,20.3,16.5,20.578,84.03666666666666,1.5579666666666665,158.79575000000003,915.5244016666668,0.0,0.0084666666666666,20.72683333333333,20.42383333333333,84.45766666666667,83.65516666666667,0.1888111888111889,,
2024-07-16 03:00:00,18.61756,21.9,20.3,16.491664999999998,19.7015,89.26333333333334,1.4027833333333333,74.38983333333334,914.51522,0.0,0.0,19.836333333333336,19.55133333333333,89.475,89.03999999999999,0.1891442557442559,,
2024-07-16 04:00:00,18.497515,21.9,20.266665,16.48333,19.242833333333333,91.49666666666668,0.73795,82.83383333333333,914.2630483333334,0.0,0.0,19.398666666666667,19.08383333333333,91.66333333333334,91.315,0.1908093906093907,,
2024-07-16 05:00:00,18.08125,21.9,20.3,16.508335000000002,18.90266666666667,94.285,1.1848666666666667,166.7128833333333,914.976015,0.0,0.0,19.0475,18.74816666666667,94.445,94.105,0.188478121878122,,
2024-07-16 06:00:00,17.779755,21.9,20.3,16.475,18.427333333333333,94.92333333333332,0.4000666666666667,80.84903333333334,915.1421866666666,1.0454666666666668,0.0,18.5695,18.27133333333333,95.08166666666666,94.75333333333332,0.1898101898101898,,
2024-07-16 07:00:00,17.770580000000002,21.9,20.283335,16.5,18.7005,96.31,0.7988833333333333,222.64166666666668,915.3933,82.84591666666667,0.0,18.84016666666667,18.5415,96.46833333333332,96.12333333333332,0.1894771228771229,,
2024-07-16 08:00:00,23.11244,21.90833,20.3,16.475,21.100666666666665,86.01833333333335,1.1824,312.325,915.6409783333334,262.51666666666665,0.0,21.2485,20.950666666666667,86.55,85.502,0.1894773226773226,,
2024-07-16 09:00:00,26.027305,21.95,20.25,16.491664999999998,22.826666666666664,77.30199999999999,1.3425,297.865,915.9704933333334,419.6666666666667,0.0,22.97233333333333,22.664166666666667,78.09333333333333,76.539,0.1891442557442556,,
2024-07-16 10:00:00,27.04925,21.983335,20.291665,16.5,24.834333333333333,70.13266666666667,1.4653333333333334,277.0328333333334,916.167125,593.6216666666667,0.0,24.98166666666667,24.67633333333333,70.99383333333334,69.37266666666666,0.185814185814186,,
2024-07-16 11:00:00,27.622565,22.00833,20.266665,16.5,26.9995,62.31433333333334,1.3273166666666667,287.97333333333336,915.9939466666668,726.9233333333334,0.0,27.152833333333334,26.8315,63.06183333333333,61.60583333333333,0.1858143856143853,,
2024-07-16 12:00:00,28.531325,22.0,20.28333,16.491664999999998,29.1665,53.23316666666666,1.8881,230.6,915.89625,824.7033333333333,0.0,29.323666666666668,28.9965,54.04533333333333,52.48966666666667,0.1858143856143856,,
2024-07-16 13:00:00,28.59963,22.0,20.225,16.5,31.0415,45.561,1.6728166666666666,253.3673333333333,915.595365,856.475,0.0,31.213,30.8575,46.447,44.61466666666667,0.1878121878121877,,0.1128107182323129
2024-07-16 14:00:00,28.73699,22.0,20.208335,16.425,31.907333333333334,41.36516666666667,1.707,198.27791666666664,915.2775533333332,874.7833333333333,0.0,32.07233333333333,31.732333333333333,42.59583333333333,40.337833333333336,0.1914751248751246,,0.43586334845800445
2024-07-16 15:00:00,28.66244,21.975,20.2,16.424999999999997,32.194,39.52216666666666,1.8047,85.12506666666667,914.9160183333332,803.45,0.0,32.358333333333334,32.02,40.71216666666667,38.50566666666667,0.1928071928071928,,0.8538467972995561
2024-07-16 16:00:00,28.405295,22.0,20.2,16.4,32.444,36.62883333333333,1.5710666666666666,82.70041666666665,914.7791533333332,694.1800000000001,0.0,32.601,32.2715,37.4935,35.900333333333336,0.1928071928071928,,1.1537388063189318
2024-07-16 17:00:00,28.455185,21.991665,20.175,16.341665,32.54683333333333,36.814,1.6275166666666665,83.86200000000001,914.2600266666668,549.1466666666668,0.0,32.708666666666666,32.38466666666667,37.70966666666666,36.09016666666666,0.1964703296703298,,1.9406502312103606
2024-07-16 18:00:00,28.0109,21.96667,20.2,16.4,28.513666666666666,47.3275,2.6488,61.2755,914.6243333333332,301.76166666666666,0.0,28.68283333333333,28.33566666666667,48.00066666666667,46.72316666666666,0.194139060939061,,
2024-07-16 19:00:00,19.67734,22.0,20.175,16.3625,26.654333333333334,65.8245,2.26135,94.32933333333334,914.9770016666666,191.9883333333333,0.0,26.8005,26.48983333333333,66.20333333333333,65.43900000000001,0.1953046953046954,,
2024-07-16 20:00:00,22.535235,22.0,20.125,16.4,24.620833333333334,71.54516666666667,1.9113666666666669,104.151,916.1745233333334,53.38441666666667,0.0084666666666666,24.77533333333333,24.459166666666665,72.0635,71.05083333333333,0.1958041958041955,,
2024-07-16 21:00:00,24.909343333333336,21.97222333333333,20.133336666666665,16.36111,19.87283333333333,80.65316666666666,1.5461833333333332,106.67566666666669,917.162995,0.01325,0.0,20.02533333333333,19.714,80.97233333333334,80.34066666666666,0.1981350649350649,,
2024-07-16 22:00:00,25.825855,21.991665,20.1,16.35,18.383666666666667,87.725,0.6780666666666666,112.91321666666666,917.9952283333332,0.0,0.0,18.52583333333333,18.230166666666666,87.97666666666667,87.47166666666666,0.1991342657342658,,
2024-07-16 23:00:00,26.26091,21.933335,20.091665,16.358335,17.5045,92.205,0.9878166666666668,164.17683333333335,918.7502866666669,0.0,0.0,17.64783333333333,17.345000000000002,92.38166666666666,92.02833333333334,0.2014651348651349,,
2024-07-17 00:00:00,25.502735,21.883335,20.1,16.3,17.148833333333336,94.24166666666666,0.3620333333333334,35.24966666666667,919.0379166666668,0.0,0.0,17.28933333333333,16.993333333333332,94.42,94.045,0.2054611388611388,4.217631211496008,
2024-07-17 01:00:00,26.299665,21.866665,20.091665,16.325000000000003,16.170333333333335,96.54333333333334,0.4352666666666666,100.97833333333332,918.98366,0.0,0.0,16.312666666666665,16.007333333333335,96.70166666666668,96.37833333333332,0.2054613386613388,,
2024-07-17 02:00:00,26.350245,21.858335,20.091665,16.225,15.153666666666668,97.56833333333334,0.3354999999999999,94.85166666666667,918.8655216666668,0.0,0.0,15.2975,15.0,97.72833333333332,97.38333333333334,0.2097902097902099,,
2024-07-17 03:00:00,25.74661,21.816665,20.091665,16.25833,14.404166666666669,98.42833333333331,1.0531333333333337,177.075,919.6361283333332,0.0,0.0,14.543333333333331,14.269,98.58666666666666,98.26166666666668,0.2101234765234763,,
2024-07-17 04:00:00,25.513315,21.833335,20.091665,16.21667,13.946,98.86833333333334,0.7898833333333334,156.02333333333334,920.019405,0.0,0.0,14.090333333333332,13.803333333333336,99.005,98.71333333333334,0.2111220779220778,,
2024-07-17 05:00:00,24.223905,21.833335,20.0,16.2,13.100166666666668,98.76833333333336,0.7944333333333333,167.985,920.46607,0.0,0.0,13.2405,12.9505,98.90333333333334,98.615,0.2154511488511486,,
2024-07-17 06:00:00,23.875225,21.825000000000003,20.05833,16.241664999999998,12.881833333333333,98.92166666666668,0.9594166666666666,177.8766666666667,920.9917316666669,4.9455,0.0,13.020166666666666,12.722333333333331,99.06,98.76333333333334,0.2117884115884114,,
2024-07-17 07:00:00,22.80685,21.808335,20.05833,16.208334999999998,15.866666666666667,98.17166666666668,0.7324166666666667,44.937333333333335,921.3315166666667,99.2625,0.0,16.012999999999998,15.7155,98.34833333333331,97.99,0.2137862137862138,,
2024-07-17 08:00:00,21.93913,21.88333,20.033335,16.216665,19.063333333333333,88.85166666666667,1.2716833333333333,52.997166666666665,921.841135,268.47166666666664,0.0,19.208166666666667,18.9055,89.30333333333333,88.40666666666667,0.2114553446553445,,
2024-07-17 09:00:00,22.0344,21.825,20.041665,16.2,21.279333333333334,81.78566666666667,1.4994666666666667,77.71883333333334,922.3753066666668,390.7766666666666,0.0,21.43433333333333,21.142,82.61033333333333,81.02433333333333,0.2141192807192808,,
2024-07-17 10:00:00,20.99749,21.9,20.075,16.2,23.47,73.2655,2.7042333333333333,58.36666666666667,922.1854183333332,567.58,0.0,23.610833333333336,23.304666666666662,74.12316666666668,72.44383333333333,0.2097902097902099,,
2024-07-17 11:00:00,19.580715,21.858335,20.058335,16.233335,25.5165,65.40383333333334,2.4307666666666665,62.35,922.265835,694.06,0.0,25.665333333333333,25.358,66.38166666666667,64.52833333333334,0.2107890109890108,,
2024-07-17 12:00:00,17.320205,21.833335,20.066665,16.2,27.000333333333334,57.35666666666667,2.568766666666667,61.630833333333335,922.27341,819.0,0.0,27.171666666666667,26.811333333333334,58.485,56.36783333333334,0.2127872127872126,,
2024-07-17 13:00:00,16.06394,21.85,20.05833,16.216665,27.210500000000003,55.379666666666665,2.5112,72.87816666666666,922.0416083333332,751.2433333333333,0.0,27.393,27.017666666666667,56.25083333333334,54.55083333333334,0.2117884115884114,,
2024-07-17 14:00:00,14.913275,21.825,20.0,16.225,27.74833333333333,53.88466666666667,2.6316333333333333,62.0515,921.7836216666668,681.58,0.0,27.942833333333333,27.556,54.755,53.060833333333335,0.2147852147852147,,
2024-07-17 15:00:00,14.104415,21.808335,20.05,16.225,27.38083333333333,53.54733333333333,2.3626666666666667,73.16683333333334,921.4680283333332,452.4933333333333,0.0,27.547,27.204,54.27283333333333,52.89383333333333,0.2134531468531469,,
2024-07-17 16:00:00,13.900365,21.85,20.05,16.2,28.308,50.38466666666667,2.037583333333333,87.56566666666666,921.1159766666666,617.855,0.0,28.471666666666668,28.133,51.09883333333333,49.80416666666667,0.2127872127872126,,
2024-07-17 17:00:00,13.259525,21.83333,20.016665,16.2,27.262666666666668,52.6415,1.5854333333333337,85.575,920.895245,308.49666666666667,0.0,27.421,27.096,53.04616666666666,52.2435,0.2147854145854147,,
2024-07-17 18:00:00,14.422755,21.825,20.025,16.208334999999998,26.388666666666666,54.23616666666667,1.6771,107.7705,920.802555,231.3683333333333,0.0,26.5285,26.239833333333333,54.5455,53.94133333333333,0.2144521478521481,,
2024-07-17 19:00:00,17.812579999999997,21.808335,20.008335,16.216665,25.55033333333333,55.89883333333333,1.8688166666666668,136.37833333333333,920.8599266666666,114.2435,0.0,25.691666666666663,25.395166666666668,56.11016666666667,55.7015,0.215451148851149,,
2024-07-17 20:00:00,21.66927,21.808335,20.033335,16.208334999999998,24.16,60.4215,1.4986333333333337,147.07833333333335,921.3250383333332,10.924433333333331,0.0,24.3105,24.004166666666663,60.56733333333333,60.278666666666666,0.2147850149850147,,
2024-07-17 21:00:00,23.97604,21.78333,20.03333,16.191665,23.2315,63.462,2.065,151.03833333333333,921.477875,0.0,0.0,23.368,23.0715,63.584,63.342666666666666,0.2164505494505496,,
2024-07-17 22:00:00,25.52413,21.766665,20.008335,16.216665,22.9385,65.75566666666667,1.6053,135.8735,921.4771383333332,0.0,0.0,23.08233333333333,22.780833333333337,65.88583333333334,65.62883333333333,0.2171162837162841,,
2024-07-17 23:00:00,26.43832,21.725,20.008335,16.191665,22.1355,68.68983333333334,1.3555,120.471,922.1145383333334,0.0,0.0,22.279333333333334,21.99633333333333,68.88033333333333,68.50066666666666,0.2197802197802195,,
2024-07-18 00:00:00,27.155175,21.7,19.95833,16.158335,20.756500000000003,73.4935,1.14795,165.165,922.5979633333334,0.0,0.0,20.90333333333333,20.604,73.66883333333334,73.32,0.2241092907092907,5.950843963328078,
2024-07-18 01:00:00,27.82929,21.691665,20.0,16.108335,18.72683333333333,82.73649999999999,1.1707166666666666,195.42,922.475665,0.0,0.0,18.8655,18.5625,82.93966666666667,82.52433333333333,0.2247752247752246,,
2024-07-18 02:00:00,28.315825,21.616665,20.0,16.1,17.663999999999998,85.26333333333334,0.9174666666666668,183.8933333333333,922.4140083333332,0.0,0.0,17.806166666666666,17.505,85.49499999999999,85.02833333333334,0.2281052947052946,,
2024-07-18 03:00:00,28.642575,21.6,19.925,16.025,15.3235,92.93666666666668,1.2555166666666666,186.795,922.2492366666668,0.0,0.0,15.468666666666667,15.171166666666666,93.14166666666668,92.71833333333332,0.2347652347652348,,
2024-07-18 04:00:00,28.32393,21.575000000000003,19.916665,16.041665000000002,15.370666666666668,93.52333333333333,1.2040833333333334,199.5366666666667,922.2019866666668,0.0,0.0,15.511666666666668,15.217,93.79333333333334,93.25333333333332,0.2354313686313685,,
2024-07-18 05:00:00,27.737655,21.58333,19.925,15.991665,14.749166666666667,94.67666666666668,0.4041333333333333,100.31883333333332,922.41782,0.0,0.0,14.8915,14.599333333333334,94.95333333333332,94.40333333333334,0.2367634365634363,,
2024-07-18 06:00:00,27.216705,21.6,19.908335,15.983335,14.534333333333333,96.46166666666666,0.5593166666666666,133.01666666666668,922.6358583333332,3.7917,0.0,14.685166666666667,14.3855,96.64,96.26333333333334,0.2370961038961035,,
2024-07-18 07:00:00,25.87789,21.6,19.908335,16.0,15.509166666666664,94.97166666666666,0.1946166666666666,28.326666666666664,922.8274316666668,88.146,0.0,15.6595,15.347166666666668,95.19333333333334,94.72833333333332,0.2364301698301693,,
2024-07-18 08:00:00,23.65525,,,,19.525,76.8115,2.4138333333333337,165.72166666666666,922.84125,262.04833333333335,0.0,19.669666666666668,19.369666666666667,77.17883333333333,76.47,,,
2024-07-18 09:00:00,22.220475,21.6,19.93333,,22.0355,66.521,3.41665,177.97833333333335,922.7054883333332,435.4316666666667,0.0,22.19783333333333,21.882166666666667,66.944,66.09566666666666,0.0449552447552446,,
2024-07-18 10:00:00,21.424785,21.6,19.85,,24.3195,58.64483333333333,3.9779166666666654,189.5883333333333,922.4323483333334,586.3933333333333,0.0,24.482000000000003,24.151166666666665,59.179,58.16566666666667,0.0499500499500497,,
2024-07-18 11:00:00,21.2646,21.6,19.891665,,26.198666666666668,51.978,4.1493,191.76666666666668,922.1917583333332,710.7683333333333,0.0,26.370833333333334,26.032,52.50116666666667,51.4665,0.0474526473526474,,
2024-07-18 12:00:00,20.525035000000003,21.6,19.9,,27.561,48.2135,4.074933333333333,184.71166666666667,921.83805,811.23,0.0,27.729,27.38683333333333,48.74566666666667,47.7425,0.0469530469530467,,
2024-07-18 13:00:00,19.937675,21.6,19.9,,28.872666666666664,44.2285,3.7894,180.185,921.4009066666666,862.5166666666667,0.0,29.038833333333333,28.68733333333333,44.78566666666666,43.723,0.0469530469530467,,
2024-07-18 14:00:00,19.099705,21.6,19.908335,,30.10533333333333,40.67100000000001,3.508433333333333,181.47,920.8072816666668,861.3666666666667,0.0,30.2775,29.916666666666668,41.23866666666667,40.16,0.0464534465534461,,
2024-07-18 15:00:00,17.98029,21.6,19.9,,30.70383333333333,39.89433333333333,3.6328833333333335,165.71,920.2955216666668,772.2516666666667,0.0,30.8785,30.514333333333333,40.3485,39.47583333333333,0.0469530469530467,,
2024-07-18 16:00:00,17.473374999999997,21.583335,19.858335,,30.996,37.94683333333333,3.2146833333333333,157.095,919.8663616666666,630.2483333333333,0.0,31.168,30.81883333333333,38.34016666666666,37.56816666666667,0.0504493506493508,,
2024-07-18 17:00:00,16.80869,21.591665,19.883335,,31.18533333333333,38.155,3.456533333333333,157.37833333333336,919.376805,518.3466666666667,0.0,31.3545,30.997,38.526833333333336,37.81633333333333,0.0484515484515487,,
