TIMESTAMP,IRT2006B1xx24,TDR2006B10624,TDR2006B11824,TDR2006B13024,TDR2006B14224,Ta_2m_Avg,RH_2m_Avg,WndAveSpd_3m,WndAveDir_3m,PresAvg_1pnt5m,Solar_2m_Avg,Rain_1m_Tot,TaMax_2m,TaMin_2m,RHMax_2m,RHMin_2m,cwsi,swsi,eto,etc,kc
2024-07-13 09:00:00,19.9,22.55,20.2,19.2,12.3,28.15266666666667,43.1035,1.53005,91.57116666666668,914.62647,348.99,0.0,28.323833333333333,27.973166666666668,43.72283333333333,42.4685,,0.3091908091908094,,,
2024-07-13 10:00:00,20.0,22.53333,20.208335,19.15833,12.3,27.300166666666662,54.39083333333333,2.4715166666666666,102.8028,916.2883183333332,221.99983333333333,0.0,27.4725,27.113,55.04366666666667,53.7245,,0.3106894605394606,,,
2024-07-13 11:00:00,19.991665,22.541665,20.2,19.09167,12.3,26.59733333333333,65.14683333333333,1.5337500000000002,116.72275,917.0306733333332,354.385,0.0,26.7465,26.43133333333333,65.78483333333334,64.49883333333334,,0.3126872627372631,,,
2024-07-13 12:00:00,19.991665,22.541665,20.2,19.125,12.3,29.45533333333333,56.04466666666666,2.045933333333333,70.78533333333333,916.71477,787.5216666666668,0.0,29.6135,29.283,57.17233333333333,55.0825,,0.3116883616383617,,,
2024-07-13 13:00:00,19.975,22.5,20.15,19.033335,12.316665,31.42366666666667,48.268,2.1723,61.273,916.2798483333332,880.45,0.0,31.57583333333333,31.25483333333333,49.67016666666667,47.017500000000005,,0.3166833166833164,,,
2024-07-13 14:00:00,19.908335,22.40833,20.05,19.0,12.3,34.02466666666667,35.80133333333333,1.7544166666666667,85.31216666666667,915.6286083333332,872.5,0.0,34.18333333333333,33.85033333333333,36.857,34.90266666666666,,0.3239261738261737,,,
2024-07-13 15:00:00,19.9,22.391665,19.908335,19.0,12.3,34.49816666666666,38.790333333333336,2.2108833333333333,44.24316666666667,915.5924416666666,808.7566666666667,0.0,34.65316666666667,34.334500000000006,39.9725,37.68183333333333,,0.3286713286713287,,,
2024-07-13 16:00:00,19.883335,22.308335,19.78333,18.941665,12.3,34.782666666666664,39.69683333333333,2.170733333333333,45.06701666666667,915.45259,699.535,0.0,34.938,34.61383333333333,40.86983333333333,38.47133333333333,,0.3366634365634367,,,
2024-07-13 17:00:00,19.875,22.3,19.691665,18.9,12.308335,34.88316666666666,38.02,2.0588333333333333,44.13216666666666,915.2609583333334,557.3616666666666,0.0,35.0435,34.7185,39.02616666666667,36.99,,0.3406593406593407,,,
2024-07-13 18:00:00,19.9,22.3,19.65833,18.908335,12.3,34.4515,39.053666666666665,1.6895666666666669,41.43,915.2047916666668,385.1833333333333,0.0,34.599833333333336,34.2985,40.067,38.06733333333333,,0.3416583916083917,,,
2024-07-13 19:00:00,19.891665,22.3,19.633335,18.9,12.291665,33.39066666666667,40.84216666666667,0.7663833333333333,40.79216666666667,915.2246816666668,212.08166666666665,0.0,33.538333333333334,33.232,41.850166666666674,39.72733333333333,,0.3429070929070931,,,
2024-07-13 20:00:00,19.916665,22.291665,19.6,18.9,12.325,31.1565,53.7395,0.2922833333333333,41.1865,915.0683233333332,60.21625,0.0,31.305333333333333,30.987166666666667,54.43183333333333,53.024,,0.3431568931068934,,,
2024-07-13 21:00:00,19.96667,22.333335,19.658335,18.9,12.316665,26.956333333333337,70.68466666666667,0.2321333333333333,104.24466666666667,915.221635,0.3540333333333333,0.0,27.10683333333333,26.798333333333336,70.89266666666667,70.46966666666667,,0.3404095404595404,,,
2024-07-13 22:00:00,19.991665,22.34167,19.66667,18.916665,12.31667,24.596,75.97683333333333,0.06725,19.598333333333336,915.5839883333332,0.0,0.0,24.758166666666668,24.442666666666664,76.2465,75.6695,,0.3394103396603398,,,
2024-07-13 23:00:00,20.0,22.325,19.691665,18.916665,12.308335,20.448500000000003,89.15,0.6626833333333334,114.34,915.8132216666668,0.0,0.0,20.59883333333333,20.29133333333333,89.45833333333333,88.825,,0.3394106393606393,,,
2024-07-14 00:00:00,20.03333,22.333335,19.683335,18.9,12.316665,18.5375,94.98333333333332,1.3555166666666667,182.63,915.9575366666668,0.0,0.0,18.688333333333333,18.366333333333333,95.205,94.735,,0.3396602897102898,5.675174167025019,6.5264502920787715,1.15
2024-07-14 01:00:00,20.041665,22.341665,19.716665,18.916665,12.333335,19.541833333333333,94.06166666666668,0.6784166666666667,159.41716666666667,915.71962,0.0,0.0,19.692166666666665,19.376666666666665,94.32833333333332,93.775,,0.3374126873126873,,,
2024-07-14 02:00:00,20.06667,22.333335,19.7,18.908335,12.3,19.34433333333333,94.54333333333334,0.3953333333333333,125.78966666666666,915.2528066666669,0.0,0.0,19.5025,19.177666666666667,94.80833333333334,94.26666666666668,,0.3394104895104894,,,
2024-07-14 03:00:00,20.066665,22.341665,19.741665,18.908335,12.325,17.296333333333333,97.78166666666668,0.9045333333333332,197.57,915.15542,0.0,0.0,17.44783333333333,17.1295,97.96666666666668,97.58,,0.3371628871128874,,,
2024-07-14 04:00:00,20.06667,22.34167,19.775,18.95,12.35,18.639333333333333,95.825,0.5403833333333333,171.35,915.0802216666668,0.0,0.0,18.785833333333336,18.48333333333333,96.03666666666666,95.59666666666666,,0.3341657342657341,,,
2024-07-14 05:00:00,20.091665,22.341665,19.8,18.933335,12.316669999999998,20.2025,88.72,3.7784,28.25255,917.1019266666666,0.0,0.0,20.37333333333333,20.03183333333333,89.05666666666666,88.3495,,0.3349149850149851,,,
2024-07-14 06:00:00,20.04167,22.3,19.825000000000003,18.96667,12.291665,18.36433333333333,83.78166666666667,2.872183333333333,54.34133333333333,917.6983933333332,5.879966666666666,0.0,18.505666666666663,18.209666666666667,84.015,83.54166666666667,,0.3351647852147854,,,
2024-07-14 07:00:00,20.058335,22.3,19.833335,18.991665,12.316665,18.2605,80.28233333333334,2.0679666666666665,43.46266666666667,918.2543166666668,88.911,0.0,18.404333333333334,18.107166666666668,80.57933333333334,79.96000000000001,,0.3334166333666331,,,
2024-07-14 08:00:00,20.033335,22.291665,19.8,18.975,12.308335,20.023666666666667,72.10866666666668,1.86355,61.99633333333334,918.3669866666668,273.90833333333336,0.0,20.165333333333333,19.858666666666668,72.58933333333333,71.67116666666668,,0.3354145854145854,,,
2024-07-14 09:00:00,20.025,22.3,19.8,18.9,12.30833,23.083,59.38483333333333,1.5316166666666668,79.85833333333333,918.0122566666666,433.03333333333336,0.0,23.244666666666667,22.921666666666667,60.04416666666667,58.776,,0.3374126873126873,,,
2024-07-14 10:00:00,20.0,22.249995,19.741665,18.908335,12.333335,26.865333333333336,45.36983333333333,1.7338166666666666,122.68383333333333,917.5159916666668,606.4266666666666,0.0,27.01683333333333,26.703333333333333,46.0535,44.6785,,0.3396604395604397,,,
2024-07-14 11:00:00,20.0,22.2,19.61667,18.91667,12.33333,30.418666666666663,35.537166666666664,2.0942,129.58133333333333,917.3269183333334,738.3616666666666,0.0,30.578666666666667,30.254666666666665,36.2255,34.95466666666667,,0.3446552447552448,,,
2024-07-14 12:00:00,19.925,22.133335,19.591665,18.883335,12.3,31.643833333333337,35.4345,3.172083333333333,166.10166666666666,917.0568116666668,831.1866666666666,0.0,31.809833333333334,31.46466666666667,36.04816666666667,34.8225,,0.3494005494505494,,,
2024-07-14 13:00:00,19.891665,22.066665,19.575000000000003,18.9,12.308335,32.28366666666667,35.79316666666667,3.706616666666666,174.42166666666665,916.662235,879.1083333333333,0.0,32.454166666666666,32.097166666666666,36.33866666666667,35.236999999999995,,0.3511488511488511,,,
2024-07-14 14:00:00,19.866665,22.0,19.466665,18.816665,12.35,32.504333333333335,36.91033333333333,3.063616666666667,166.495,916.3590833333332,619.51,0.0,32.67466666666667,32.325,37.4875,36.4025,,0.3576424575424574,,,
2024-07-14 15:00:00,19.875,21.975,19.383335,18.733335,12.31667,33.576166666666666,36.771,3.232833333333333,169.95833333333334,915.834005,772.985,0.0,33.747,33.4015,37.3405,36.24033333333333,,0.3643854145854148,,,
2024-07-14 16:00:00,19.875,21.966665,19.3,18.691665,12.308335,34.246833333333335,37.799,2.618383333333333,158.35333333333335,915.2898966666668,656.1716666666667,0.0,34.408166666666666,34.06433333333333,38.35133333333333,37.27183333333333,,0.3686314185814184,,,
2024-07-14 17:00:00,19.808335,21.9,19.2,18.65,12.283335,34.54633333333334,36.575833333333335,2.04305,146.32833333333335,914.726835,532.72,0.0,34.69666666666667,34.38699999999999,37.09816666666666,36.133,,0.3756243256743261,,,
2024-07-14 18:00:00,19.825,21.875,19.2,18.55833,12.25,34.33166666666667,37.73350000000001,2.301133333333333,147.29833333333332,914.13646,376.06666666666666,0.0,34.4815,34.174,38.134,37.36533333333333,,0.38011998001998,,,
2024-07-14 19:00:00,19.86667,21.85,19.191665,18.591665,12.291665,33.095,41.459500000000006,1.8342,141.04166666666666,913.799655,175.99766666666667,0.0,33.23983333333333,32.936166666666665,41.7285,41.214333333333336,,0.3788712787212787,,,
2024-07-14 20:00:00,19.85,21.85,19.191665,18.575,12.325,30.386000000000003,52.59133333333333,0.4590333333333333,102.20053333333334,913.728175,43.571000000000005,0.0,30.53633333333333,30.229166666666668,53.01833333333333,52.1635,,0.3783716783216784,,,
2024-07-14 21:00:00,19.9,21.9,19.191665,18.583335,12.28333,27.444333333333336,63.70583333333333,0.4603166666666666,123.37233333333332,913.9820783333332,0.0009833333333333,0.0,27.578333333333333,27.2965,63.85566666666667,63.5495,,0.3778722277722277,,,
2024-07-14 22:00:00,19.9,21.9,19.18333,18.658335,12.308335,26.3445,69.04566666666666,0.4855,146.28833333333333,914.317885,0.0,0.0,26.482166666666668,26.19366666666667,69.18466666666667,68.90616666666666,,0.3751248751248751,,,
2024-07-14 23:00:00,19.958335,21.90833,19.2,18.65,12.291665,26.106166666666663,70.26816666666667,1.2231833333333335,152.5016666666667,914.4176266666668,0.0,0.0,26.253666666666668,25.954833333333333,70.40983333333334,70.1165,,0.3751250249750253,,,
2024-07-15 00:00:00,19.916665,21.90833,19.191665,18.658335,12.28333,25.217,75.63550000000001,1.1687166666666668,149.975,914.3425983333332,0.0,0.0,25.3595,25.063333333333333,75.80683333333333,75.4665,,0.375374825174825,5.756355761987023,6.619809126285076,1.15
2024-07-15 01:00:00,19.916665,21.9,19.191665,18.691665,12.333335,24.02233333333333,80.87933333333334,1.3555,165.78,913.550375,0.0,0.0,24.1705,23.876166666666663,81.06516666666667,80.68083333333334,,0.373126923076923,,,
2024-07-15 02:00:00,19.93333,21.925,19.2,18.65,12.31667,22.720666666666663,85.15333333333334,1.5483833333333334,173.31573333333333,912.9406416666668,0.0,0.0,22.868666666666662,22.5865,85.44333333333334,84.87316666666668,,0.3738760239760241,,,
2024-07-15 03:00:00,19.950000000000003,21.941665,19.191665,18.691665,12.291665,22.1345,87.99166666666666,1.2493,184.2866666666667,912.3226183333334,0.0,0.0,22.27983333333333,21.9955,88.24666666666667,87.73666666666666,,0.373127072927073,,,
2024-07-15 04:00:00,19.950000000000003,21.90833,19.233335,18.7,12.26667,21.654333333333334,91.72333333333331,1.88015,189.8883333333333,912.7440283333332,0.0,0.0,21.794500000000003,21.51533333333333,91.955,91.51333333333334,,0.3733765734265734,,,
2024-07-15 05:00:00,19.925,21.9,19.3,18.708335,12.3,21.206666666666667,86.93616666666667,2.1437666666666666,193.1233333333333,912.223885,0.0,0.0,21.349,21.0535,87.234,86.61633333333334,,0.3703795704295704,,,
2024-07-15 06:00:00,19.95,21.9,19.225,18.708335,12.26667,20.3225,80.09316666666668,2.031333333333333,193.77666666666667,911.9650766666668,2.9258,0.0,20.46783333333333,20.164166666666667,80.4255,79.76666666666667,,0.3736262237762238,,,
2024-07-15 07:00:00,19.916665,21.883335,19.25,18.68333,12.316665,21.663,67.882,1.6147833333333332,201.99666666666664,912.036345,52.16016666666667,0.0,21.820833333333333,21.5025,68.31466666666667,67.4025,,0.3726274725274723,,,
2024-07-15 08:00:00,19.908335,21.9,19.325,18.7,12.29167,25.15233333333333,51.64816666666666,1.7344333333333333,244.1,912.6063583333332,167.08666666666667,0.0,25.299166666666668,24.991,52.10966666666666,51.17733333333333,,0.3701297702297701,,,
2024-07-15 09:00:00,19.908335,21.858335,19.291665,18.691665,12.308335,27.7985,47.19266666666667,0.99305,264.8162,912.84696,446.56666666666666,0.0,27.95383333333333,27.639333333333333,48.1205,46.25233333333333,,0.3721278721278721,,,
2024-07-15 10:00:00,19.86667,21.808335,19.225,18.675,12.316665,30.43,40.4335,1.5431,294.3583333333333,912.8874566666668,610.4533333333333,0.0,30.5795,30.262833333333333,41.274,39.6615,,0.3758741258741257,,,
2024-07-15 11:00:00,19.825000000000003,21.725,19.141665000000003,18.59167,12.275,31.944333333333336,39.64433333333333,3.4964166666666667,84.02585,913.3036983333332,742.4116666666666,0.0,32.10016666666667,31.7775,40.66566666666667,38.59983333333333,,0.3846153346653344,,,
2024-07-15 12:00:00,19.8,21.7,19.108335,18.44167,12.225,32.808166666666665,34.55133333333333,4.6892,43.52583333333334,913.4010116666668,810.92,0.0,32.9675,32.637166666666666,35.396,33.661833333333334,,0.3923574925074928,,,
2024-07-15 13:00:00,19.716665,21.641665,19.1,18.291665,12.241665,32.35066666666667,37.28616666666667,4.464083333333334,36.64066666666667,913.61544,640.9333333333333,0.0,32.50783333333333,32.189,38.056333333333335,36.52216666666666,,0.3983517982017983,,,
2024-07-15 14:00:00,19.708335,21.566665,19.05,18.166665,12.21667,32.5425,34.23866666666667,4.056883333333333,48.2905,913.8754816666666,600.4933333333333,0.0,32.696,32.38166666666667,35.03416666666667,33.525333333333336,,0.4065934065934067,,,
2024-07-15 15:00:00,19.658335,21.50833,18.991665,18.083335,12.2,32.221,34.0835,2.682816666666666,56.48566666666667,913.7563933333332,531.0216666666666,0.0,32.388333333333335,32.0415,34.8465,33.33566666666667,,0.413087012987013,,,
2024-07-15 16:00:00,19.68333,21.483335,18.933335,17.99167,12.2,33.48866666666667,32.544666666666664,2.29335,64.81216666666667,913.2149316666668,654.8116666666666,0.0,33.654666666666664,33.31433333333333,33.464,31.786166666666663,,0.4183314685314688,,,
2024-07-15 17:00:00,19.616665,21.466665,18.8,17.875,12.2,33.42033333333333,31.62333333333333,2.03575,69.81716666666667,912.8655083333334,501.625,0.0,33.5705,33.254333333333335,32.434333333333335,30.851333333333333,,0.4263237262737264,,,
2024-07-15 18:00:00,19.625,21.4,18.766665,17.775,12.2,32.70616666666667,34.502833333333335,1.3620166666666669,71.24966666666666,912.4799916666668,318.5816666666667,0.0,32.869,32.53333333333333,35.225166666666674,33.8975,,0.4323177322677324,,,
2024-07-15 19:00:00,19.625,21.4,18.791665,17.791665000000002,12.2,31.657666666666668,34.87283333333333,0.7172666666666667,108.90316666666666,912.4314966666666,146.86,0.0,31.800833333333333,31.506166666666665,35.28883333333333,34.51,,0.431069030969031,,,
2024-07-15 20:00:00,19.625,21.4,18.75,17.825000000000003,12.2,28.953666666666667,43.92666666666666,0.4117833333333333,97.535,912.8381733333332,32.34845,0.0,29.091666666666665,28.799666666666667,44.51983333333333,43.37083333333333,,0.4313186813186814,,,
2024-07-15 21:00:00,19.675,21.475,18.78333,17.883335,12.2,24.362666666666662,60.181,0.6672333333333333,115.16,913.4713433333332,0.3929,0.0,24.523666666666667,24.19383333333333,60.6705,59.751666666666665,,0.4263237262737264,,,
2024-07-15 22:00:00,19.691665,21.50833,18.775,17.95833,12.2,22.962333333333333,70.43900000000001,3.6125666666666665,283.25478333333336,915.3711383333334,0.0,0.0,23.125666666666667,22.8,70.96000000000001,69.96533333333333,,0.4233268731268733,,,
2024-07-15 23:00:00,19.75833,21.583335,18.8,18.0,12.241665,23.602500000000003,62.7185,4.389799999999999,80.71836666666667,914.8455633333334,0.0,0.0,23.749,23.4475,63.0395,62.386,,0.4178321678321681,,,
2024-07-16 00:00:00,19.7,21.6,18.8,18.0,12.2,23.937666666666665,58.3905,1.1737,205.43066666666667,913.9268816666666,0.0,0.0,24.0885,23.7785,58.700500000000005,58.11133333333333,,0.4185814185814184,5.273541323016029,6.064572521468433,1.15
2024-07-16 01:00:00,,,,,,23.538166666666665,57.9265,3.03065,312.27666666666664,915.9417983333332,0.0,0.0,23.689,23.3845,58.184333333333335,57.66983333333334,,,,,
2024-07-16 02:00:00,,,,,,20.578,84.03666666666666,1.5579666666666665,158.79575000000003,915.5244016666668,0.0,0.0084666666666666,20.72683333333333,20.42383333333333,84.45766666666667,83.65516666666667,,,,,
2024-07-16 03:00:00,,,,,,19.7015,89.26333333333334,1.4027833333333333,74.38983333333334,914.51522,0.0,0.0,19.836333333333336,19.55133333333333,89.475,89.03999999999999,,,,,
2024-07-16 04:00:00,,,,,,19.242833333333333,91.49666666666668,0.73795,82.83383333333333,914.2630483333334,0.0,0.0,19.398666666666667,19.08383333333333,91.66333333333334,91.315,,,,,
2024-07-16 05:00:00,19.916665,21.55833,18.883335,18.1,12.225,18.90266666666667,94.285,1.1848666666666667,166.7128833333333,914.976015,0.0,0.0,19.0475,18.74816666666667,94.445,94.105,,0.4135864635364637,,,
2024-07-16 06:00:00,20.058335,21.55,18.866665,18.1,12.25,18.427333333333333,94.92333333333332,0.4000666666666667,80.84903333333334,915.1421866666666,1.0454666666666668,0.0,18.5695,18.27133333333333,95.08166666666666,94.75333333333332,,0.4135864635364637,,,
2024-07-16 07:00:00,20.258335,21.524995,18.858335,18.18333,12.258335,18.7005,96.31,0.7988833333333333,222.64166666666668,915.3933,82.84591666666667,0.0,18.84016666666667,18.5415,96.46833333333332,96.12333333333332,,0.4118383116883116,,,
2024-07-16 08:00:00,20.44167,21.516665,18.908335,18.183335,12.216665,21.100666666666665,86.01833333333335,1.1824,312.325,915.6409783333334,262.51666666666665,0.0,21.2485,20.950666666666667,86.55,85.502,,0.4118381618381617,,,
2024-07-16 09:00:00,20.608335,21.5,18.966665,18.191665,12.258335,22.826666666666664,77.30199999999999,1.3425,297.865,915.9704933333334,419.6666666666667,0.0,22.97233333333333,22.664166666666667,78.09333333333333,76.539,,0.409090959040959,,,
2024-07-16 10:00:00,20.858335,21.5,18.825,18.116665,12.241665,24.834333333333333,70.13266666666667,1.4653333333333334,277.0328333333334,916.167125,593.6216666666667,0.0,24.98166666666667,24.67633333333333,70.99383333333334,69.37266666666666,,0.416084015984016,,,
2024-07-16 11:00:00,21.1,21.441665,18.791665,18.108335,12.24167,26.9995,62.31433333333334,1.3273166666666667,287.97333333333336,915.9939466666668,726.9233333333334,0.0,27.152833333333334,26.8315,63.06183333333333,61.60583333333333,,0.419080869130869,,,
2024-07-16 12:00:00,21.341665,21.4,18.775,18.008335000000002,12.225,29.1665,53.23316666666666,1.8881,230.6,915.89625,824.7033333333333,0.0,29.323666666666668,28.9965,54.04533333333333,52.48966666666667,,0.4243256243756247,,,
2024-07-16 13:00:00,21.55833,21.4,18.75,17.941665,12.24167,31.0415,45.561,1.6728166666666666,253.3673333333333,915.595365,856.475,0.0,31.213,30.8575,46.447,44.61466666666667,,0.4265733766233764,,,
2024-07-16 14:00:00,21.716665,21.4,18.7,17.891665,12.25833,31.907333333333334,41.36516666666667,1.707,198.27791666666664,915.2775533333332,874.7833333333333,0.0,32.07233333333333,31.732333333333333,42.59583333333333,40.337833333333336,,0.429071078921079,,,
2024-07-16 15:00:00,21.841665,21.391665,18.7,17.791665000000002,12.25,32.194,39.52216666666666,1.8047,85.12506666666667,914.9160183333332,803.45,0.0,32.358333333333334,32.02,40.71216666666667,38.50566666666667,,0.4325675324675327,,,
2024-07-16 16:00:00,21.90833,21.366665,18.7,17.766665,12.3,32.444,36.62883333333333,1.5710666666666666,82.70041666666665,914.7791533333332,694.1800000000001,0.0,32.601,32.2715,37.4935,35.900333333333336,,0.4325675324675324,,,
2024-07-16 17:00:00,21.983335,21.358335,18.675,17.691665,12.291665,32.54683333333333,36.814,1.6275166666666665,83.86200000000001,914.2600266666668,549.1466666666668,0.0,32.708666666666666,32.38466666666667,37.70966666666666,36.09016666666666,,0.436063986013986,,,
2024-07-16 18:00:00,22.016665,21.35833,18.608335,17.674999999999997,12.291665,28.513666666666666,47.3275,2.6488,61.2755,914.6243333333332,301.76166666666666,0.0,28.68283333333333,28.33566666666667,48.00066666666667,46.72316666666666,,0.4385615384615386,,,
2024-07-16 19:00:00,22.058335,21.383335,18.625,17.7,12.3,26.654333333333334,65.8245,2.26135,94.32933333333334,914.9770016666666,191.9883333333333,0.0,26.8005,26.48983333333333,66.20333333333333,65.43900000000001,,0.4363136363636367,,,
2024-07-16 20:00:00,22.1,21.4,18.6,17.691665,12.3,24.620833333333334,71.54516666666667,1.9113666666666669,104.151,916.1745233333334,53.38441666666667,0.0084666666666666,24.77533333333333,24.459166666666665,72.0635,71.05083333333333,,0.4368132367632367,,,
2024-07-16 21:00:00,22.175,21.458335,18.625,17.775,12.3,19.87283333333333,80.65316666666666,1.5461833333333332,106.67566666666669,917.162995,0.01325,0.0,20.02533333333333,19.714,80.97233333333334,80.34066666666666,,0.431818131868132,,,
2024-07-16 22:00:00,22.2,21.458335,18.625,17.8,12.3,18.383666666666667,87.725,0.6780666666666666,112.91321666666666,917.9952283333332,0.0,0.0,18.52583333333333,18.230166666666666,87.97666666666667,87.47166666666666,,0.4310688811188811,,,
2024-07-16 23:00:00,22.23333,21.416665,18.64167,17.808335,12.3,17.5045,92.205,0.9878166666666668,164.17683333333335,918.7502866666669,0.0,0.0,17.64783333333333,17.345000000000002,92.38166666666666,92.02833333333334,,0.4315683316683317,,,
2024-07-17 00:00:00,22.216665,21.425,18.675,17.816665,12.3,17.148833333333336,94.24166666666666,0.3620333333333334,35.24966666666667,919.0379166666668,0.0,0.0,17.28933333333333,16.993333333333332,94.42,94.045,,0.43006998001998,4.217631211496008,4.850275893220409,1.15
2024-07-17 01:00:00,22.266665,21.4,18.683335,17.858334999999997,12.3,16.170333333333335,96.54333333333334,0.4352666666666666,100.97833333333332,918.98366,0.0,0.0,16.312666666666665,16.007333333333335,96.70166666666668,96.37833333333332,,0.4293205794205798,,,
2024-07-17 02:00:00,22.274995,21.4,18.7,17.9,12.3,15.153666666666668,97.56833333333334,0.3354999999999999,94.85166666666667,918.8655216666668,0.0,0.0,15.2975,15.0,97.72833333333332,97.38333333333334,,0.4275724275724274,,,
2024-07-17 03:00:00,22.3,21.4,18.691665,17.908335,12.3,14.404166666666669,98.42833333333331,1.0531333333333337,177.075,919.6361283333332,0.0,0.0,14.543333333333331,14.269,98.58666666666666,98.26166666666668,,0.4275724275724277,,,
2024-07-17 04:00:00,22.3,21.4,18.683335,17.925,12.3,13.946,98.86833333333334,0.7898833333333334,156.02333333333334,920.019405,0.0,0.0,14.090333333333332,13.803333333333336,99.005,98.71333333333334,,0.4273226273726274,,,
2024-07-17 05:00:00,22.3,21.4,18.7,17.975,12.3,13.100166666666668,98.76833333333336,0.7944333333333333,167.985,920.46607,0.0,0.0,13.2405,12.9505,98.90333333333334,98.615,,0.425324675324675,,,
2024-07-17 06:00:00,22.3,21.383335,18.7,18.0,12.3,12.881833333333333,98.92166666666668,0.9594166666666666,177.8766666666667,920.9917316666669,4.9455,0.0,13.020166666666666,12.722333333333331,99.06,98.76333333333334,,0.4250748751248751,,,
2024-07-17 07:00:00,22.316665,21.366665,18.7,18.0,12.3,15.866666666666667,98.17166666666668,0.7324166666666667,44.937333333333335,921.3315166666667,99.2625,0.0,16.012999999999998,15.7155,98.34833333333331,97.99,,0.4255744755244757,,,
2024-07-17 08:00:00,22.308335,21.3,18.7,18.0,12.3,19.063333333333333,88.85166666666667,1.2716833333333333,52.997166666666665,921.841135,268.47166666666664,0.0,19.208166666666667,18.9055,89.30333333333333,88.40666666666667,,0.4275724275724274,,,
2024-07-17 09:00:00,22.316665,21.3,18.7,18.0,12.3,21.279333333333334,81.78566666666667,1.4994666666666667,77.71883333333334,922.3753066666668,390.7766666666666,0.0,21.43433333333333,21.142,82.61033333333333,81.02433333333333,,0.4275724275724274,,,
2024-07-17 10:00:00,22.316665,21.291665,18.691665,18.0,12.3,23.47,73.2655,2.7042333333333333,58.36666666666667,922.1854183333332,567.58,0.0,23.610833333333336,23.304666666666662,74.12316666666668,72.44383333333333,,0.428072027972028,,,
2024-07-17 11:00:00,22.308335,21.24167,18.666665,17.933335,12.308335,25.5165,65.40383333333334,2.4307666666666665,62.35,922.265835,694.06,0.0,25.665333333333333,25.358,66.38166666666667,64.52833333333334,,0.4320677822177821,,,
2024-07-17 12:00:00,22.291665,21.208335,18.675,17.833334999999998,12.308335,27.000333333333334,57.35666666666667,2.568766666666667,61.630833333333335,922.27341,819.0,0.0,27.171666666666667,26.811333333333334,58.485,56.36783333333334,,0.4358140359640361,,,
2024-07-17 13:00:00,22.291665,21.191665,18.6,17.74167,12.325,27.210500000000003,55.379666666666665,2.5112,72.87816666666666,922.0416083333332,751.2433333333333,0.0,27.393,27.017666666666667,56.25083333333334,54.55083333333334,,0.4408091408591411,,,
2024-07-17 14:00:00,22.274995,21.133335,18.525,17.68333,12.3,27.74833333333333,53.88466666666667,2.6316333333333333,62.0515,921.7836216666668,681.58,0.0,27.942833333333333,27.556,54.755,53.060833333333335,,0.4473027472527474,,,
2024-07-17 15:00:00,22.25833,21.108335,18.441665,17.608334999999997,12.3,27.38083333333333,53.54733333333333,2.3626666666666667,73.16683333333334,921.4680283333332,452.4933333333333,0.0,27.547,27.204,54.27283333333333,52.89383333333333,,0.4527971528471528,,,
2024-07-17 16:00:00,22.26666,21.1,18.391665,17.475,12.3,28.308,50.38466666666667,2.037583333333333,87.56566666666666,921.1159766666666,617.855,0.0,28.471666666666668,28.133,51.09883333333333,49.80416666666667,,0.4585415084915084,,,
2024-07-17 17:00:00,22.208335,21.1,18.316665,17.391669999999998,12.3,27.262666666666668,52.6415,1.5854333333333337,85.575,920.895245,308.49666666666667,0.0,27.421,27.096,53.04616666666666,52.2435,,0.4632866633366634,,,
2024-07-17 18:00:00,22.208335,21.1,18.291665,17.4,12.325,26.388666666666666,54.23616666666667,1.6771,107.7705,920.802555,231.3683333333333,0.0,26.5285,26.239833333333333,54.5455,53.94133333333333,,0.4630370129870134,,,
2024-07-17 19:00:00,22.208335,21.108335,18.266665,17.36667,12.316665,25.55033333333333,55.89883333333333,1.8688166666666668,136.37833333333333,920.8599266666666,114.2435,0.0,25.691666666666663,25.395166666666668,56.11016666666667,55.7015,,0.4647851648351647,,,
2024-07-17 20:00:00,22.21667,21.1,18.3,17.383335000000002,12.341665,24.16,60.4215,1.4986333333333337,147.07833333333335,921.3250383333332,10.924433333333331,0.0,24.3105,24.004166666666663,60.56733333333333,60.278666666666666,,0.4627872127872127,,,
2024-07-17 21:00:00,22.21667,21.116665,18.24167,17.425,12.35833,23.2315,63.462,2.065,151.03833333333333,921.477875,0.0,0.0,23.368,23.0715,63.584,63.342666666666666,,0.462287762237762,,,
2024-07-17 22:00:00,22.216665,21.1,18.258335,17.533335,12.358335,22.9385,65.75566666666667,1.6053,135.8735,921.4771383333332,0.0,0.0,23.08233333333333,22.780833333333337,65.88583333333334,65.62883333333333,,0.4590408091908095,,,
2024-07-17 23:00:00,22.2,21.158335,18.3,17.525,12.341665,22.1355,68.68983333333334,1.3555,120.471,922.1145383333334,0.0,0.0,22.279333333333334,21.99633333333333,68.88033333333333,68.50066666666666,,0.4567932067932067,,,
2024-07-18 00:00:00,22.21667,21.108335,18.3,17.575,12.308335,20.756500000000003,73.4935,1.14795,165.165,922.5979633333334,0.0,0.0,20.90333333333333,20.604,73.66883333333334,73.32,,0.4577921078921078,5.490919466183446,6.3145573861109625,1.15
2024-07-18 01:00:00,22.225,21.1,18.3,17.608334999999997,12.325,18.72683333333333,82.73649999999999,1.1707166666666666,195.42,922.475665,0.0,0.0,18.8655,18.5625,82.93966666666667,82.52433333333333,,0.4565434065934067,,,
2024-07-18 02:00:00,22.2,21.15,18.291665,17.608335,12.366665,17.663999999999998,85.26333333333334,0.9174666666666668,183.8933333333333,922.4140083333332,0.0,0.0,17.806166666666666,17.505,85.49499999999999,85.02833333333334,,0.454046003996004,,,
2024-07-18 03:00:00,22.225,21.1,18.308335,17.633335,12.308335,15.3235,92.93666666666668,1.2555166666666666,186.795,922.2492366666668,0.0,0.0,15.468666666666667,15.171166666666666,93.14166666666668,92.71833333333332,,0.4560438061938061,,,
2024-07-18 04:00:00,22.208335,21.108335,18.308335,17.658335,12.316665,15.370666666666668,93.52333333333333,1.2040833333333334,199.5366666666667,922.2019866666668,0.0,0.0,15.511666666666668,15.217,93.79333333333334,93.25333333333332,,0.4547951048951048,,,
2024-07-18 05:00:00,22.208335,21.1,18.308335,17.625,12.316665,14.749166666666667,94.67666666666668,0.4041333333333333,100.31883333333332,922.41782,0.0,0.0,14.8915,14.599333333333334,94.95333333333332,94.40333333333334,,0.4560439560439557,,,
2024-07-18 06:00:00,22.21667,21.1,18.308335,17.683335,12.383335,14.534333333333333,96.46166666666666,0.5593166666666666,133.01666666666668,922.6358583333332,3.7917,0.0,14.685166666666667,14.3855,96.64,96.26333333333334,,0.4522975524475521,,,
2024-07-18 07:00:00,22.21667,21.1,18.3,17.691665,12.35,15.509166666666664,94.97166666666666,0.1946166666666666,28.326666666666664,922.8274316666668,88.146,0.0,15.6595,15.347166666666668,95.19333333333334,94.72833333333332,,0.4532967532467534,,,
2024-07-18 08:00:00,22.2,21.1,18.316665,17.683335,12.341665,19.525,76.8115,2.4138333333333337,165.72166666666666,922.84125,262.04833333333335,0.0,19.669666666666668,19.369666666666667,77.17883333333333,76.47,,0.453296753246753,,,
2024-07-18 09:00:00,22.2,21.091665,18.3,17.65833,12.325,22.0355,66.521,3.41665,177.97833333333335,922.7054883333332,435.4316666666667,0.0,22.19783333333333,21.882166666666667,66.944,66.09566666666666,,0.4552948551448553,,,
2024-07-18 10:00:00,22.191665,21.008335,18.241665,17.583334999999998,12.341665,24.3195,58.64483333333333,3.9779166666666654,189.5883333333333,922.4323483333334,586.3933333333333,0.0,24.482000000000003,24.151166666666665,59.179,58.16566666666667,,0.4612887112887114,,,
2024-07-18 11:00:00,22.166665,21.016665,18.19167,17.391665,12.316665,26.198666666666668,51.978,4.1493,191.76666666666668,922.1917583333332,710.7683333333333,0.0,26.370833333333334,26.032,52.50116666666667,51.4665,,0.4690310189810187,,,
2024-07-18 12:00:00,22.133335,21.0,18.083335,17.3,12.308335,27.561,48.2135,4.074933333333333,184.71166666666667,921.83805,811.23,0.0,27.729,27.38683333333333,48.74566666666667,47.7425,,0.4757741258741257,,,
2024-07-18 13:00:00,22.091665,20.925,17.93333,17.141665000000003,12.25,28.872666666666664,44.2285,3.7894,180.185,921.4009066666666,862.5166666666667,0.0,29.038833333333333,28.68733333333333,44.78566666666666,43.723,,0.4890111388611383,,,
2024-07-18 14:00:00,22.091665,20.9,17.783335,16.991664999999998,12.26667,30.10533333333333,40.67100000000001,3.508433333333333,181.47,920.8072816666668,861.3666666666667,0.0,30.2775,29.916666666666668,41.23866666666667,40.16,,0.4982516483516484,,,
2024-07-18 15:00:00,22.024995,20.83333,17.633335,16.799999999999997,12.16667,30.70383333333333,39.89433333333333,3.6328833333333335,165.71,920.2955216666668,772.2516666666667,0.0,30.8785,30.514333333333333,40.3485,39.47583333333333,,0.5134864635364638,,,
2024-07-18 16:00:00,22.0,20.8,17.566665,16.65,12.2,30.996,37.94683333333333,3.2146833333333333,157.095,919.8663616666666,630.2483333333333,0.0,31.168,30.81883333333333,38.34016666666666,37.56816666666667,,0.5199800699300701,,,
2024-07-18 17:00:00,22.0,20.875,17.45,16.541665000000002,12.133335,31.18533333333333,38.155,3.456533333333333,157.37833333333336,919.376805,518.3466666666667,0.0,31.3545,30.997,38.526833333333336,37.81633333333333,,0.5264735264735264,,,
2024-07-18 18:00:00,22.0,20.816665,17.416665000000002,16.491664999999998,12.133335,30.860666666666667,39.38216666666666,3.2282,154.5366666666667,918.8851166666668,343.32166666666666,0.0,31.019166666666667,30.6965,39.65766666666666,39.12966666666667,,0.5307193806193807,,,
2024-07-18 19:00:00,21.975,20.816665,17.36667,16.45,12.125,29.4225,45.18683333333333,3.315166666666667,151.1266666666667,918.6639416666666,175.90666666666667,0.0,29.55883333333333,29.267666666666667,45.3785,44.98216666666666,,0.5337162337662341,,,
2024-07-18 20:00:00,21.98333,20.875,17.375,16.458334999999998,12.158335,27.368,52.452666666666666,2.8913,148.52833333333334,918.7556383333334,44.46891666666667,0.0,27.508166666666668,27.21966666666667,52.59316666666667,52.314,,0.5304694305694307,,,
2024-07-18 21:00:00,21.98333,20.9,17.383335000000002,16.5,12.2,25.149833333333333,57.518166666666666,2.51445,151.78833333333333,919.1459883333332,0.0,0.0,25.292666666666666,24.999333333333333,57.637166666666666,57.3985,,0.5269729770229771,,,
2024-07-18 22:00:00,22.0,20.9,17.366665,16.55,12.2,23.79416666666667,59.72866666666667,2.5723166666666666,154.17999999999998,919.412485,0.0,0.0,23.9425,23.643,59.851,59.61016666666667,,0.5259740759240761,,,
2024-07-18 23:00:00,21.966665,20.9,17.383335,16.58333,12.208335,22.801,62.74466666666667,3.3638,158.09,919.4923133333334,0.0,0.0,22.946666666666665,22.660666666666664,62.86683333333334,62.63,,0.5242257742257744,,,
2024-07-19 00:00:00,21.966665,20.9,17.4,16.591665,12.21667,22.3025,64.02016666666667,4.020783333333333,162.84,919.1662566666668,0.0,0.0,22.441666666666663,22.1565,64.15316666666666,63.90783333333333,,0.5232267232767234,3.4396898261783626,3.9556433001051166,1.15
2024-07-19 01:00:00,21.966665,20.9,17.4,16.6,12.208335,21.5695,67.41116666666667,4.019116666666666,165.78333333333333,918.99532,0.0,0.0,21.706833333333336,21.434833333333334,67.53366666666666,67.29683333333334,,0.523226723276723,,,
2024-07-19 02:00:00,21.941665,20.891665,17.416665000000002,16.63333,12.2,20.92533333333333,70.71466666666667,4.017716666666667,171.6266666666667,918.5647166666666,0.0,0.0,21.0665,20.777833333333334,70.85566666666666,70.57966666666667,,0.522227972027972,,,
2024-07-19 03:00:00,21.925,20.9,17.4,16.666665000000002,12.2,20.07133333333333,75.28833333333334,2.2947333333333333,158.04666666666665,918.4417016666666,0.0,0.0,20.2085,19.920166666666667,75.43116666666667,75.14733333333334,,0.5214785714285713,,,
2024-07-19 04:00:00,21.941665,20.883335,17.416665000000002,16.68333,12.208335,19.345666666666663,79.144,1.887133333333333,156.70166666666668,918.5114616666668,0.0,0.0,19.48933333333333,19.19,79.28366666666668,78.997,,0.5207293206793207,,,
2024-07-19 05:00:00,21.93333,20.866665,17.458334999999998,16.7,12.2,18.719,82.73,1.6544,160.63166666666666,918.4930866666668,0.0,0.0,18.854666666666667,18.56866666666667,82.87166666666667,82.575,,0.51973026973027,,,
2024-07-19 06:00:00,21.933335,20.833335,17.450000000000003,16.66667,12.2,18.26083333333333,85.61833333333334,1.6767666666666663,162.21166666666667,918.291295,2.547883333333333,0.0,18.402166666666663,18.102,85.76333333333334,85.46166666666666,,0.5219778721278722,,,
2024-07-19 07:00:00,21.911106666666665,20.83333,17.494443333333333,16.694443333333336,12.199999999999998,18.8915,84.48166666666665,2.6945666666666668,173.605,918.1616916666668,37.112,0.0,19.031,18.73,84.61,84.33666666666666,,0.5198136863136863,,,
2024-07-19 08:00:00,21.90833,20.88333,17.450000000000003,16.675,12.225,20.2645,80.24816666666668,3.013383333333333,173.505,918.1176083333334,124.719,0.0,20.410166666666665,20.1075,80.42183333333334,80.07533333333332,,0.5194806193806193,,,
2024-07-19 09:00:00,21.90833,20.808335,17.45833,16.683335,12.216665,22.77533333333333,70.81066666666668,3.65915,181.43,918.22718,336.3016666666666,0.0,22.932666666666663,22.626666666666665,71.17716666666666,70.4625,,0.5214785714285713,,,
2024-07-19 10:00:00,21.866665,20.8,17.4,16.65,12.2,24.622166666666665,64.73383333333334,3.264533333333333,209.29166666666663,918.507025,309.1183333333333,0.0,24.76633333333333,24.46216666666667,65.1395,64.36866666666667,,0.524975024975025,,,
2024-07-19 11:00:00,21.841665,20.775,17.416665000000002,16.591665,12.191665,26.0265,60.72383333333333,0.9743333333333334,206.2295,918.5659133333334,468.29833333333335,0.0,26.174166666666668,25.86916666666667,61.15833333333333,60.31166666666666,,0.5272229270729273,,,
2024-07-19 12:00:00,21.841665,20.74167,17.366664999999998,16.525,12.183335,27.220666666666663,56.55683333333333,2.0113333333333334,198.27623333333327,918.211885,372.1859166666666,0.0,27.373833333333334,27.049666666666667,56.94416666666667,56.189166666666665,,0.5319679320679325,,,
2024-07-19 13:00:00,21.808335,20.725,17.325000000000003,16.466665,12.175,20.343,80.62633333333333,3.3409,245.34356666666665,919.0101633333333,3.7217,0.0084666666666666,20.515,20.168333333333333,81.29183333333334,79.99316666666667,,0.5357143356643354,,,
2024-07-19 14:00:00,21.8,20.74167,17.383335,16.516665,12.2,21.8915,83.16383333333333,2.340233333333333,118.12433333333334,916.4881516666668,278.6661666666667,0.0042333333333333,22.0665,21.718833333333336,83.94149999999999,82.42616666666666,,0.5312186813186814,,,
2024-07-19 15:00:00,21.791665,20.7,17.316665,16.475,12.2,26.00483333333333,75.7105,1.5972166666666667,171.76715000000002,916.42985,692.185,0.0042333333333333,26.17183333333333,25.837,77.17533333333333,74.36066666666667,,0.5357143356643357,,,
2024-07-19 16:00:00,21.775,20.716665,17.291665000000002,16.425,12.166665,28.37833333333333,66.95816666666666,2.632766666666667,137.1201,916.2361966666666,677.6283333333333,0.0,28.52983333333333,28.220166666666668,68.0995,65.866,,0.5384616883116883,,,
2024-07-19 17:00:00,21.75833,20.7,17.216665,16.283335,12.13333,28.377333333333336,62.57,3.61595,55.41433333333334,916.1333533333332,458.45,0.0,28.531166666666664,28.210500000000003,63.19949999999999,61.9545,,0.5464536463536467,,,
2024-07-19 18:00:00,21.75833,20.633335,17.141665,16.225,12.116665,27.043333333333333,66.11583333333333,2.06685,67.17783333333334,916.6183033333332,228.02666666666667,0.0,27.202166666666667,26.86616666666667,66.52633333333333,65.718,,0.552947102897103,,,
2024-07-19 19:00:00,21.708335,20.65,17.108335,16.216665,12.116665,24.6565,75.62233333333333,2.329466666666667,59.255,917.1148133333334,23.4527,0.0,24.799166666666668,24.505166666666664,75.859,75.373,,0.5536963536463541,,,
2024-07-19 20:00:00,21.716665,20.691665,17.108335,16.225,12.133335,23.26333333333333,82.32266666666666,1.2379833333333332,119.76166666666668,916.27153,26.33785,0.0,23.410500000000003,23.114166666666662,82.50633333333333,82.13433333333334,,0.5516982517482517,,,
2024-07-19 21:00:00,21.75,20.65833,17.1,16.258335000000002,12.15,21.396833333333333,91.62833333333332,0.4850833333333333,59.79683333333333,917.29006,0.0,0.0,21.53933333333333,21.244833333333336,91.81333333333332,91.44,,0.5514486013986017,,,
2024-07-19 22:00:00,21.75833,20.7,17.1,16.308329999999998,12.14167,20.706666666666667,92.93,0.4401166666666666,65.10283333333334,917.6494016666668,0.0,0.0,20.856166666666663,20.549,93.095,92.73166666666664,,0.5489510489510494,,,
2024-07-19 23:00:00,21.73333,20.7,17.158335,16.291665000000002,12.166665,19.34233333333333,96.48166666666664,0.6617666666666667,45.64278333333333,917.19355,0.0,0.0,19.486666666666668,19.1885,96.63333333333334,96.31333333333332,,0.546953096903097,,,
2024-07-20 00:00:00,21.766665,20.691665,17.11667,16.358335,12.183335,19.6665,96.16,1.5356,66.725,918.33683,0.0,0.0,19.8045,19.512,96.315,96.0,,0.5459538961038961,4.491893471386112,5.165677492094028,1.15
2024-07-20 01:00:00,21.73333,20.691665,17.158335,16.3,12.166665,19.724,95.835,0.9775833333333334,83.93486666666666,919.018395,0.0,0.0,19.8615,19.58533333333333,95.98666666666666,95.7,,0.5469530969030967,,,
2024-07-20 02:00:00,21.749995,20.691665,17.175,16.425,12.15,19.729666666666667,94.83,0.70685,79.31016666666666,918.8600333333331,0.0,0.0,19.872166666666665,19.583,94.96333333333334,94.68833333333332,,0.5432068431568433,,,
2024-07-20 03:00:00,21.716665,20.675,17.2,16.40833,12.166665,19.41583333333333,95.45333333333332,1.2422333333333335,48.04643333333333,918.5420383333332,0.0,0.0,19.56833333333333,19.253,95.59166666666668,95.285,,0.5429571928071927,,,
2024-07-20 04:00:00,21.7,20.65,17.2,16.4,12.183335,19.468666666666667,95.20666666666666,0.90825,28.1925,918.7916866666668,0.0,0.0,19.620166666666663,19.315666666666665,95.33833333333334,95.04,,0.5434564935064937,,,
2024-07-20 05:00:00,21.7,20.675,17.15833,16.40833,12.191665,19.621166666666667,93.43,1.46055,25.31548333333333,919.2274216666668,0.0,0.0,19.759833333333336,19.474833333333333,93.56833333333334,93.26833333333336,,0.5434567932067936,,,
2024-07-20 06:00:00,21.7,20.608335,17.191665,16.450000000000003,12.158335,19.4865,92.74666666666668,1.358766666666667,31.2385,919.711,0.4582333333333333,0.0,19.63066666666667,19.332666666666668,92.885,92.6,,0.5442057442557444,,,
2024-07-20 07:00:00,21.7,20.64167,17.2,16.425,12.191665,19.131666666666668,93.82166666666669,1.79915,236.1099,919.928825,24.69128333333333,0.0,19.27733333333333,18.97883333333333,93.96333333333334,93.65833333333332,,0.5427072427572427,,,
2024-07-20 08:00:00,21.7,20.608335,17.166665000000002,16.45833,12.166665,18.498833333333334,95.93333333333334,1.887983333333333,99.19101666666668,920.3121733333334,60.15,0.0,18.64816666666667,18.34583333333333,96.09,95.78166666666668,,0.5444556943056943,,,
2024-07-20 09:00:00,21.691665,20.633335,17.166665000000002,16.483335,12.15,19.348333333333336,91.99666666666668,1.88955,225.30713333333333,920.5787616666668,201.65,0.0,19.4885,19.200333333333333,92.345,91.64333333333336,,0.5434564935064937,,,
2024-07-20 10:00:00,21.658335,20.608335,17.183335,16.45833,12.141665,21.96783333333333,79.459,2.0124833333333334,152.51086666666666,920.7854383333334,488.4766666666666,0.0,22.12366666666667,21.8125,80.16183333333333,78.7525,,0.5447053446553447,,,
2024-07-20 11:00:00,21.625,20.591665,17.108335,16.35,12.11667,25.040000000000003,61.95116666666667,2.5462333333333333,140.17288333333332,920.7672366666668,699.755,0.0,25.19816666666667,24.863666666666667,63.064,60.98033333333333,,0.5514484515484518,,,
2024-07-20 12:00:00,21.591665,20.525,17.05,16.174999999999997,12.1,26.58966666666667,49.872166666666665,3.79085,30.039566666666666,920.7857283333334,818.2683333333333,0.0,26.748,26.430333333333333,50.84066666666667,49.02283333333333,,0.5609390609390611,,,
2024-07-20 13:00:00,21.541665,20.5,16.975,15.958335,12.083335,27.314166666666665,48.525,3.3874166666666667,39.07441666666667,920.89336,829.765,0.0,27.488,27.131500000000003,49.56966666666666,47.43516666666667,,0.5709289710289708,,,
2024-07-20 14:00:00,21.483335,20.483335,16.808335,15.783335,12.008335,27.49866666666667,45.91933333333333,3.7536166666666655,39.22671666666667,920.634275,754.6716666666667,0.0,27.666166666666665,27.321,47.00216666666667,44.873666666666665,,0.5839158841158841,,,
2024-07-20 15:00:00,21.425,20.45833,16.758335000000002,15.59167,12.008335,27.936333333333334,43.85666666666667,3.5459666666666667,31.8735,920.3435883333332,750.715,0.0,28.088,27.757,44.945166666666665,42.77783333333333,,0.5919079920079917,,,
2024-07-20 16:00:00,21.416665,20.4,16.583334999999998,15.466665,11.975,27.831833333333336,43.81133333333333,3.6728666666666654,45.78566666666666,920.2149616666668,656.815,0.0,27.98783333333333,27.66583333333333,44.6905,42.99083333333333,,0.6036463536463537,,,
2024-07-20 17:00:00,21.391665,20.341665,16.53333,15.333335,11.941665,27.2335,46.41433333333334,2.86815,50.60666666666667,920.3455583333332,484.8083333333333,0.0,27.386333333333333,27.07433333333333,47.276833333333336,45.57716666666667,,0.6118882617382616,,,
2024-07-20 18:00:00,21.383335,20.366665,16.508335000000002,15.3,11.933335,26.7,48.36383333333333,2.33355,58.325500000000005,919.9565233333334,335.06666666666666,0.0,26.84433333333333,26.54233333333333,48.862,47.901,,0.613136813186813,,,
2024-07-20 19:00:00,21.35,20.375,16.441670000000002,15.25,11.908335,25.48933333333333,53.72616666666667,1.2804666666666666,72.46883333333334,920.1432183333332,150.37449999999998,0.0,25.6305,25.35,54.10666666666667,53.35583333333333,,0.6171327172827171,,,
2024-07-20 20:00:00,21.35,20.341665,16.424999999999997,15.3,11.908335,23.683666666666667,60.2305,0.4242499999999999,90.893,920.6232133333334,26.496966666666665,0.0,23.8295,23.53033333333333,60.481,60.015,,0.6171328671328671,,,
2024-07-20 21:00:00,21.35,20.4,16.458334999999998,15.3,11.958335,21.088166666666663,68.23866666666667,0.29245,112.49666666666668,921.0037316666666,0.0458666666666666,0.0,21.238166666666665,20.9405,68.46700000000001,68.0285,,0.6128870129870131,,,
2024-07-20 22:00:00,21.366665,20.391665,16.450000000000003,15.341665,11.991665,17.750833333333333,81.07783333333333,0.40475,109.43166666666666,921.5727383333334,0.0,0.0,17.906166666666664,17.5865,81.3605,80.82783333333333,,0.611139010989011,,,
2024-07-20 23:00:00,21.383335,20.4,16.458334999999998,15.3,11.991665,15.1705,89.95666666666666,1.27205,192.545,921.7404266666668,0.0,0.0,15.3165,15.016666666666667,90.13666666666668,89.75,,0.6118881118881121,,,
2024-07-21 00:00:00,21.35,20.4,16.549999999999997,15.325,12.0,13.957333333333333,93.58333333333331,1.303,193.7866666666667,922.1937966666668,0.0,0.0,14.098333333333333,13.819666666666668,93.73166666666664,93.40666666666668,,0.6081418581418584,4.218492536279678,4.8512664167216295,1.15
2024-07-21 01:00:00,21.33333,20.383335,16.475,15.391665,12.016665,13.2495,95.45166666666668,1.38235,191.63666666666668,922.377665,0.0,0.0,13.389333333333331,13.101333333333336,95.60666666666664,95.30166666666668,,0.6083916583416583,,,
2024-07-21 02:00:00,21.325,20.366665,16.53333,15.391665,12.041665,12.8115,96.705,1.4287,190.8383333333333,922.4098433333334,0.0,0.0,12.941,12.656833333333331,96.86,96.54666666666668,,0.6063938561438563,,,
2024-07-21 03:00:00,21.325000000000003,20.325000000000003,16.491664999999998,15.4,12.033335,12.618666666666666,97.61666666666666,1.2471833333333333,190.63333333333333,922.3584333333332,0.0,0.0,12.761666666666668,12.469,97.76666666666668,97.43333333333334,,0.6088911088911088,,,
2024-07-21 04:00:00,21.3,20.3,16.541665000000002,15.4,12.033335,11.993,98.03,1.2811666666666668,191.09666666666664,922.1006783333332,0.0,0.0,12.142166666666666,11.842833333333337,98.19,97.86166666666666,,0.6081418581418581,,,
2024-07-21 05:00:00,21.3,20.3,16.6,15.408335,12.058335,11.772333333333334,98.62666666666668,1.1835666666666669,190.35,922.0139183333332,0.0,0.0,11.911,11.627166666666666,98.785,98.465,,0.6053945054945058,,,
2024-07-21 06:00:00,21.291665,20.3,16.566665,15.458335,12.033335,11.194,98.87833333333332,1.4118,192.4,922.3054083333334,2.7364666666666664,0.0,11.336166666666664,11.037666666666668,99.02333333333333,98.735,,0.6056443056943057,,,
2024-07-21 07:00:00,21.266665,20.3,16.525,15.441665,12.058335,13.624166666666667,99.52,0.4212499999999999,185.8683333333333,922.5097533333334,58.188833333333335,0.0,13.772666666666668,13.473666666666666,99.65666666666668,99.36,,0.6066433566433567,,,
2024-07-21 08:00:00,21.283335,20.3,16.54167,15.491665,12.05,16.494833333333336,94.50166666666668,0.7899499999999999,301.8816666666667,922.71397,191.59333333333333,0.0,16.635166666666667,16.327333333333332,94.74333333333334,94.25166666666668,,0.6048950549450547,,,
2024-07-21 09:00:00,21.24167,20.3,16.483335,15.483335,12.016665,19.975,79.305,0.6162666666666666,276.1229,922.769225,350.665,0.0,20.114166666666662,19.8325,79.79566666666666,78.786,,0.6078920579420577,,,
2024-07-21 10:00:00,21.216665,20.225,16.508335000000002,15.483335,12.025,23.212333333333333,63.36866666666666,1.2178,181.1277166666667,922.657755,504.6783333333333,0.0,23.361,23.048333333333336,64.16,62.686,,0.6091407592407594,,,
2024-07-21 11:00:00,21.2,20.21667,16.466665,15.441665,12.016665,24.9705,58.306666666666665,1.4565333333333332,111.20365,922.5286833333332,646.9133333333334,0.0,25.1375,24.801666666666662,59.03233333333333,57.62616666666667,,0.612137912087912,,,
2024-07-21 12:00:00,21.191665,20.2,16.416665000000002,15.4,11.96667,26.00616666666667,53.92816666666667,1.903133333333333,50.37266666666667,922.3122233333332,743.8166666666667,0.0,26.166833333333333,25.835500000000003,54.69566666666666,53.1965,,0.6168830669330667,,,
2024-07-21 13:00:00,21.1,20.2,16.416665000000002,15.308335,11.925,26.805,48.89783333333333,1.9649333333333328,74.51911666666666,921.9423716666666,732.785,0.0,26.97433333333333,26.6235,49.93116666666666,47.902166666666666,,0.620879120879121,,,
2024-07-21 14:00:00,21.083335,20.2,16.3,15.158335,11.908335,27.71433333333333,43.61816666666667,2.0515,76.26016666666666,921.38063,794.0433333333333,0.0,27.884166666666665,27.53833333333333,44.38666666666666,42.88583333333334,,0.6293705294705294,,,
2024-07-21 15:00:00,21.05833,20.2,16.233335,15.1,11.908335,27.889666666666667,45.69533333333333,2.0599666666666665,63.057,920.5558766666668,718.285,0.0,28.0465,27.72283333333333,46.71683333333333,44.811166666666665,,0.6331167832167831,,,
2024-07-21 16:00:00,21.0,20.191665,16.216665,15.066665,11.9,27.9555,44.714000000000006,2.31315,63.848333333333336,920.0817916666668,643.7333333333333,0.0,28.112,27.788666666666664,45.53716666666666,43.99366666666666,,0.635115034965035,,,
2024-07-21 17:00:00,20.958335,20.175,16.141665,15.016665,11.9,27.846833333333333,44.899,1.9271833333333328,74.27116666666667,919.6929566666666,498.5366666666667,0.0,28.00783333333333,27.683333333333334,45.60766666666667,44.25783333333333,,0.6393607392607393,,,
2024-07-21 18:00:00,20.933335,20.175,16.11667,14.975,11.9,27.42383333333333,44.97166666666667,1.4124166666666669,81.76816666666667,919.6660133333334,310.00166666666667,0.0,27.5725,27.26633333333333,45.54183333333333,44.5015,,0.6413585414585414,,,
2024-07-21 19:00:00,20.941665,20.191665,16.1,14.98333,11.9,25.73166666666667,48.7265,0.6733666666666667,79.17083333333333,919.8813683333334,72.81283333333333,0.0,25.8805,25.5875,49.0765,48.35416666666666,,0.641109040959041,,,
2024-07-21 20:00:00,20.975,20.2,16.108335,15.03333,11.9,24.05666666666667,54.478,0.2239333333333333,89.26299999999999,919.958165,5.227516666666667,0.0,24.204166666666666,23.90083333333333,54.6285,54.32266666666667,,0.639110939060939,,,
2024-07-21 21:00:00,20.966665,20.208335,16.125,15.09167,11.908335,22.1965,62.438,0.6770166666666667,144.79666666666665,920.3231616666668,0.0,0.0,22.34016666666667,22.05366666666667,62.569,62.30033333333333,,0.6363634365634364,,,
2024-07-21 22:00:00,20.991665,20.2,16.1,15.058335,11.91667,21.581333333333337,68.47433333333333,1.3363166666666666,129.9269666666667,921.19382,0.0,0.0127,21.734,21.4325,68.85466666666666,68.11116666666666,,0.6381117382617384,,,
2024-07-21 23:00:00,21.0,20.291665,16.125,15.05,11.941665,18.82283333333333,90.04333333333334,1.3525666666666667,185.36166666666668,920.5965916666668,0.0,0.0254,18.971,18.661,90.36666666666666,89.71499999999999,,0.634115984015984,,,
2024-07-22 00:00:00,21.0,20.4,16.108335,15.1,11.9,18.771,89.295,0.74965,194.05,920.31375,0.0,0.0296333333333333,18.919500000000003,18.611,89.55333333333333,89.055,,0.631118831168831,4.425297055945003,5.089091614336753,1.15
2024-07-22 01:00:00,20.991665,20.4,16.191665,15.11667,11.925,17.397499999999997,94.57833333333332,0.2173666666666666,66.53475,920.2950833333332,0.0,0.0042333333333333,17.52733333333333,17.242166666666666,94.74833333333332,94.39333333333336,,0.6273725774225777,,,
2024-07-22 02:00:00,20.966665,20.4,16.108335,15.083335,11.908335,17.2515,94.05166666666668,1.6987333333333334,128.493,920.8181216666668,0.0,0.0,17.395500000000002,17.089833333333335,94.28166666666668,93.80833333333334,,0.6313684815184815,,,
2024-07-22 03:00:00,20.975,20.408335,16.208334999999998,15.158335,11.975,16.8965,95.21666666666668,2.33605,60.3256,921.0841716666667,0.0,0.0084666666666666,17.033166666666666,16.737666666666666,95.56166666666668,94.91,,0.6238759740259741,,,
2024-07-22 04:00:00,21.341665,22.35,16.608335,15.3,11.925,16.514833333333332,91.15666666666668,2.08115,172.355,919.7026183333332,0.0,0.0084666666666666,16.665,16.3555,91.625,90.655,,0.550949000999001,,,
2024-07-22 05:00:00,21.65,22.633335,18.0,15.725,11.975,16.564,95.41333333333334,0.8502833333333334,150.72333333333333,919.3308366666666,0.0,0.0084666666666666,16.707666666666668,16.415,95.565,95.23666666666666,,0.4865134365634364,,,
2024-07-22 06:00:00,21.8,22.683335,18.45833,16.0,11.966665,16.368333333333332,97.26,1.0594666666666666,288.47,919.9725733333332,2.7433,0.0042333333333333,16.513833333333334,16.207,97.40333333333334,97.10166666666667,,0.4632868131868133,,,
2024-07-22 07:00:00,21.925,22.733335,18.525,16.15,11.975,17.214333333333332,97.11666666666666,0.4649833333333333,205.30900000000003,919.7981516666666,66.24183333333333,0.0042333333333333,17.360666666666667,17.05366666666667,97.26,96.96666666666668,,0.4550449050949051,,,
2024-07-22 08:00:00,22.09167,22.7,18.666665,16.2,12.0,18.626166666666663,93.15666666666668,0.3645833333333333,140.76566666666668,919.76714,155.21,0.0,18.769166666666667,18.472,93.44166666666666,92.865,,0.4495504995004997,,,
2024-07-22 09:00:00,22.191665,22.841665,18.766665,16.333334999999998,12.025,19.226333333333333,90.19833333333332,1.5313333333333332,65.12116666666667,920.0841183333332,324.67333333333335,0.0042333333333333,19.367666666666665,19.06533333333333,90.705,89.67333333333333,,0.4375624875124877,,,
2024-07-22 10:00:00,22.249995,22.841665,18.8,16.358335,12.08333,20.759666666666664,81.03,1.0931333333333333,67.33078333333333,920.1830933333332,510.2933333333333,0.0,20.90716666666667,20.62283333333333,82.11,79.98716666666668,,0.4340660339660337,,,
2024-07-22 11:00:00,22.316665,22.80833,18.808335,16.341665,12.066665,22.805333333333333,70.153,0.8065333333333334,142.5147,919.9980883333334,660.2016666666666,0.0042333333333333,22.95433333333333,22.654666666666667,71.31933333333333,69.0835,,0.435814335664336,,,
2024-07-22 12:00:00,22.375,22.825,18.8,16.35,12.041665,24.8645,60.27333333333333,0.8379,195.32148333333333,919.6856416666668,773.8383333333334,0.0,25.01783333333333,24.696666666666665,61.41366666666667,59.24566666666667,,0.436063986013986,,,
2024-07-22 13:00:00,22.4,22.925,18.791665,16.25,12.01667,25.94233333333333,54.12683333333334,1.2187333333333332,218.06231666666665,919.2153883333334,813.7166666666667,0.0,26.115333333333336,25.779,55.517500000000005,52.9945,,0.4370628871128874,,,
2024-07-22 14:00:00,22.40833,23.01666,18.775,16.216665,11.975,27.150666666666663,50.502833333333335,1.0489,102.138,918.8906033333332,809.1433333333333,0.0,27.307,26.986833333333333,51.78416666666667,49.342666666666666,,0.4370631868131869,,,
2024-07-22 15:00:00,22.41666,22.95,18.733335,16.18333,11.93333,27.889,47.8685,1.357816666666667,149.80986666666666,918.3433866666668,763.1866666666666,0.0,28.04133333333333,27.716833333333334,49.148,46.64416666666667,,0.4425575924075927,,,
2024-07-22 16:00:00,22.45,23.066665,18.66667,16.13333,11.983335,27.918666666666663,45.301833333333335,1.69255,55.90783333333333,917.8231,646.5983333333334,0.0,28.07333333333333,27.754166666666663,46.6065,44.08416666666666,,0.4410589410589414,,,
2024-07-22 17:00:00,22.475,23.05833,18.691665,16.049999999999997,11.95,27.835833333333333,47.50083333333334,1.339783333333333,67.38483333333333,917.5050233333334,505.0466666666667,0.0,27.98883333333333,27.675833333333333,48.72566666666667,46.299,,0.4440560939060937,,,
2024-07-22 18:00:00,22.475,23.125,18.666665,16.0,11.983335,27.09583333333333,51.084833333333336,1.61035,61.52966666666667,917.2583516666668,311.68833333333333,0.0,27.25133333333333,26.94183333333333,52.016666666666666,50.165333333333336,,0.4433066933066931,,,
2024-07-22 19:00:00,22.466665,23.074995,18.7,16.0,11.98333,26.359166666666667,53.190333333333335,0.6769833333333334,102.33766666666666,917.3786883333332,142.7895,0.0,26.502666666666663,26.2095,53.951,52.56933333333333,,0.4438064435564433,,,
2024-07-22 20:00:00,22.491665,23.13333,18.65,16.033335,12.033335,24.434166666666663,61.22316666666666,0.4504333333333333,120.7085,917.5062733333332,28.40178333333333,0.0,24.58233333333333,24.28033333333333,61.7615,60.73983333333333,,0.441058941058941,,,
2024-07-22 21:00:00,22.5,23.183335,18.675,16.01667,12.025,22.222166666666663,69.693,1.2320166666666668,152.855,917.7781083333334,0.0,0.0,22.35833333333333,22.088833333333334,69.91233333333334,69.47833333333332,,0.4395602897102897,,,
2024-07-22 22:00:00,22.516665,23.075,18.716665,16.033335,12.025,21.386666666666667,73.31366666666666,2.2245166666666667,164.03833333333333,918.3863383333334,0.0,0.0,21.529,21.244000000000003,73.49050000000001,73.15233333333335,,0.441058941058941,,,
2024-07-22 23:00:00,22.51666,23.166665,18.76667,16.049999999999997,12.058335,19.985166666666668,80.43716666666666,2.6444,170.93833333333333,918.7558433333332,0.0,0.0,20.127666666666663,19.829833333333333,80.59333333333333,80.28133333333334,,0.4353145854145858,,,
2024-07-23 00:00:00,22.55833,23.166665,18.708335,16.033335,12.091665,19.432333333333336,81.64166666666667,2.370983333333333,171.025,918.9985633333332,0.0,0.0,19.5705,19.27883333333333,81.78166666666667,81.47833333333332,,0.4365634365634367,4.687825863595074,5.390999743134334,1.15
2024-07-23 01:00:00,22.524995,23.116665,18.70833,16.066665,12.1,19.09733333333333,84.62666666666668,1.8005833333333332,184.76166666666668,918.8865283333332,0.0,0.0,19.244333333333334,18.93183333333333,84.81166666666667,84.425,,0.4368133866133866,,,
2024-07-23 02:00:00,22.566665,23.116665,18.73333,16.08333,12.1,18.0575,90.255,1.6032000000000002,191.3983333333333,918.789235,0.0,0.0,18.2,17.89333333333333,90.44333333333334,90.06,,0.4355646853146856,,,
2024-07-23 03:00:00,22.591665,23.1,18.741665,16.09167,12.1,17.018666666666668,93.78333333333332,0.7151333333333334,98.38,918.5775466666668,0.0,0.0,17.175166666666666,16.851833333333335,93.935,93.60166666666667,,0.4355643856143854,,,
2024-07-23 04:00:00,22.591665,23.075,18.775,16.11667,12.1,15.843833333333333,96.05666666666666,0.0,0.0,918.5747483333332,0.0,0.0,15.984333333333332,15.691666666666666,96.24,95.865,,0.4345653346653347,,,
2024-07-23 05:00:00,22.591665,23.108335,18.75,16.1,12.1,14.794666666666666,96.99333333333334,0.4313,83.4,918.8466833333332,0.0,0.0,14.940333333333331,14.647833333333333,97.14333333333336,96.83,,0.4348151348651347,,,
2024-07-23 06:00:00,22.591665,23.075000000000003,18.775,16.108335,12.1,14.081666666666669,98.105,1.2601833333333334,190.42,918.9675466666666,2.71725,0.0,14.221666666666666,13.9445,98.25333333333332,97.95833333333331,,0.4348151348651347,,,
2024-07-23 07:00:00,22.591665,23.091665,18.783335,16.09167,12.1,15.445666666666666,97.82833333333332,0.56345,106.12666666666668,918.9774166666666,61.873000000000005,0.0,15.593,15.296,97.98333333333332,97.68333333333334,,0.4345653346653347,,,
2024-07-23 08:00:00,22.591665,23.05833,18.81667,16.116665,12.1,18.70266666666667,88.87666666666668,0.1663,70.66333333333334,919.2177783333334,189.4533333333333,0.0,18.858,18.53183333333333,89.38000000000001,88.395,,0.4338162337662337,,,
2024-07-23 09:00:00,22.566665,23.0,18.816665,16.13333,12.1,21.7765,74.76383333333334,0.5325333333333333,186.1781333333333,919.2265083333332,348.68666666666667,0.0,21.928,21.62316666666667,75.53716666666666,74.11566666666666,,0.435065084915085,,,
2024-07-23 10:00:00,22.566665,23.00833,18.775,16.125,12.1,24.693666666666665,65.61449999999999,0.7637833333333333,183.6096333333333,919.139505,516.8516666666667,0.0,24.8395,24.530666666666665,66.51566666666666,64.673,,0.4363137862137863,,,
2024-07-23 11:00:00,22.58333,22.983335,18.783335,16.058335,12.1,26.79416666666667,53.13533333333333,1.6243333333333334,209.56333333333333,919.2323966666668,650.4266666666666,0.0,26.94633333333333,26.63266666666667,54.13916666666667,52.07816666666667,,0.4388110389610391,,,
2024-07-23 12:00:00,22.55,22.983335,18.666665,16.0,12.1,28.278,45.90766666666666,1.8118833333333333,207.57333333333327,919.108745,743.2900000000001,0.0,28.4345,28.11233333333333,47.0775,44.86866666666666,,0.444055944055944,,,
2024-07-23 13:00:00,22.541665,22.891665,18.625,15.933335,12.083335,29.241666666666667,41.17166666666667,1.4513833333333332,191.4096,918.6628483333334,799.7183333333334,0.0,29.412,29.0715,42.354000000000006,40.09816666666666,,0.4505494005994004,,,
2024-07-23 14:00:00,22.516665,22.9,18.59167,15.866665,12.0,30.280166666666663,37.025,1.60655,169.89351666666667,918.3102116666666,781.59,0.0,30.436666666666667,30.119000000000003,38.18333333333333,35.973499999999994,,0.4557941558441557,,,
2024-07-23 15:00:00,22.50833,22.916665,18.583335,15.75,12.008335,30.820666666666668,34.093666666666664,1.7688666666666668,147.2,918.141785,726.495,0.0,30.974,30.659,35.17333333333333,33.06966666666667,,0.4587911588411587,,,
2024-07-23 16:00:00,22.491665,22.9,18.541665,15.7,11.98333,31.070666666666668,36.739333333333335,1.3071166666666665,113.805,918.172495,610.3083333333333,0.0,31.23,30.9165,37.93066666666667,35.714333333333336,,0.4627873626373626,,,
2024-07-23 17:00:00,22.491665,22.9,18.508335,15.64167,11.975,30.147,44.92116666666666,1.6740166666666667,83.146,917.981715,449.3316666666667,0.0,30.302166666666665,29.984666666666666,46.12716666666667,43.85883333333333,,0.4657840659340661,,,
2024-07-23 18:00:00,22.475,22.883335,18.5,15.65,11.95,28.750166666666665,53.01199999999999,1.60545,74.67566666666667,917.8210033333332,281.6816666666667,0.0,28.8925,28.594,53.8485,52.265,,0.467032917082917,,,
2024-07-23 19:00:00,22.43333,22.891665,18.5,15.625,11.975,28.6535,47.316,2.1960166666666665,156.88333333333333,917.9167416666668,134.63283333333334,0.0,28.8005,28.49816666666667,47.90683333333333,46.787,,0.4667832667332667,,,
2024-07-23 20:00:00,22.458335,22.883335,18.5,15.641665,11.98333,26.41733333333333,53.79583333333333,2.2417666666666665,158.07000000000002,918.209485,31.82323333333333,0.0,26.55333333333333,26.26683333333333,54.032,53.572,,0.4662838161838163,,,
2024-07-23 21:00:00,22.4,22.9,18.5,15.683335,11.966665,24.472166666666663,57.094,2.7212166666666664,155.69500000000002,918.5289633333334,0.0,0.0,24.61683333333333,24.31683333333333,57.2895,56.904,,0.465034965034965,,,
2024-07-23 22:00:00,22.491665,22.9,18.508335,15.675,12.025,22.83333333333333,62.8635,2.848716666666667,168.79166666666666,919.0581483333332,0.0,0.0,22.983,22.6785,63.03566666666666,62.694833333333335,,0.4632866633366634,,,
2024-07-23 23:00:00,22.449995,22.883335,18.5,15.658335,12.033335,21.2755,70.62966666666667,2.778966666666667,167.64166666666668,919.456145,0.0,0.0,21.420166666666667,21.123,70.77433333333333,70.49333333333334,,0.4642855644355644,,,
2024-07-24 00:00:00,22.43333,22.891665,18.5,15.691665,12.041665,21.2185,70.08616666666667,3.109366666666667,174.50666666666666,919.6963,0.0,0.0,21.365166666666667,21.067,70.27600000000001,69.89166666666667,,0.4627873626373626,5.47137511702967,6.29208138458412,1.15
2024-07-24 01:00:00,22.441665,22.883335,18.508335,15.68333,12.025,20.942,73.72416666666666,3.6065833333333335,185.9333333333333,919.767515,0.0,0.0,21.0855,20.7875,73.95083333333334,73.50383333333333,,0.4635364635364637,,,
2024-07-24 02:00:00,22.441665,22.858335,18.508335,15.68333,12.025,20.798166666666663,71.52066666666666,3.55945,185.5283333333333,919.781615,0.0,0.0,20.941333333333333,20.640833333333333,71.75266666666667,71.26783333333333,,0.4642857142857144,,,
2024-07-24 03:00:00,22.416665,22.808335,18.516665,15.675,12.066665,20.606,69.67216666666667,3.3499166666666667,183.97,919.7065483333332,0.0,0.0,20.76,20.44683333333333,69.88083333333334,69.468,,0.4645355144855144,,,
2024-07-24 04:00:00,22.43333,22.825,18.508335,15.675,12.025,19.18616666666667,77.5635,2.4709166666666667,204.15,919.851475,0.0,0.0,19.331833333333336,19.03083333333333,77.73916666666668,77.37650000000001,,0.4655344155844158,,,
2024-07-24 05:00:00,22.441665,22.8,18.53333,15.691665,12.05,16.996333333333332,84.69966666666666,0.8026166666666668,198.4333333333333,920.109935,0.0,0.0,17.155666666666665,16.828,85.03516666666665,84.38066666666667,,0.464285864135864,,,
2024-07-24 06:00:00,22.424995000000003,22.808335,18.53333,15.7,12.05,14.353833333333334,93.57833333333332,0.6448833333333333,143.71,920.1665466666668,2.107683333333333,0.0,14.491,14.211333333333334,93.81,93.32833333333332,,0.4637862637362637,,,
2024-07-24 07:00:00,22.425,22.808335,18.558335,15.7,12.066665,14.749833333333331,95.19,0.1269333333333333,99.525,920.39198,59.8015,0.0,14.898666666666664,14.587666666666667,95.33,95.03166666666668,,0.4625374125874127,,,
2024-07-24 08:00:00,22.43333,22.8,18.575000000000003,15.708335,12.016665,17.750999999999998,88.73333333333333,0.3663333333333333,229.84226666666663,920.7211483333334,196.12166666666664,0.0,17.904166666666665,17.601666666666667,89.08333333333333,88.36149999999999,,0.4635364635364634,,,
2024-07-24 09:00:00,22.441665,22.8,18.525,15.7,12.08333,21.038,72.41633333333333,0.7181833333333334,293.12953333333337,921.0007633333332,355.69,0.0,21.176666666666662,20.891666666666666,73.10416666666667,71.7145,,0.463286813186813,,,
2024-07-24 10:00:00,22.4,22.78333,18.5,15.7,12.091665,24.484,59.05416666666667,0.9004833333333333,318.16285,920.9674733333334,521.0066666666667,0.0,24.62833333333333,24.3255,60.05383333333334,58.12383333333333,,0.464285864135864,,,
2024-07-24 11:00:00,22.40833,22.766665,18.5,15.68333,12.008335,27.71333333333333,52.81366666666667,0.6926333333333333,217.76711666666668,920.8050366666666,653.0699999999999,0.0,27.8675,27.54283333333333,53.97366666666667,51.74633333333333,,0.4677823176823177,,,
2024-07-24 12:00:00,22.391665,22.741665,18.5,15.6,12.0,30.708666666666662,45.76916666666667,1.1800666666666666,124.24655,920.508845,761.5699999999999,0.0,30.850666666666665,30.553166666666662,47.57833333333333,44.01983333333333,,0.4712787712287714,,,
2024-07-24 13:00:00,22.375,22.7,18.450000000000003,15.591665,11.958335,32.463166666666666,35.69733333333333,1.7292333333333334,106.6278,920.3089716666668,805.58,0.0,32.61066666666667,32.30583333333333,37.65133333333333,33.733,,0.4755244755244757,,,
2024-07-24 14:00:00,22.33333,22.7,18.333335,15.516665,11.95,32.77483333333333,31.115166666666667,2.057633333333333,56.78483333333334,920.16013,786.6949999999999,0.0,32.925666666666665,32.61216666666667,32.658166666666666,29.55816666666667,,0.4815184815184813,,,
2024-07-24 15:00:00,22.308335,22.633335,18.225,15.4,11.916665,33.163333333333334,34.5415,2.0196166666666664,93.88883333333334,920.0377416666666,718.2866666666666,0.0,33.3095,32.9965,36.252,32.94566666666667,,0.4912587412587411,,,
2024-07-24 16:00:00,22.291665,22.6,18.2,15.391665,11.908335,34.21266666666667,27.007,2.1053333333333333,156.39783333333335,919.8280683333334,615.2366666666666,0.0,34.3735,34.056333333333335,28.168666666666663,26.019,,0.4935064935064934,,,
2024-07-24 17:00:00,22.3,22.6,18.10833,15.35,11.908335,33.82416666666667,27.286,2.7133333333333334,170.83166666666665,919.6824983333332,463.625,0.0,33.973,33.663,28.1605,26.488166666666665,,0.4975025474525473,,,
2024-07-24 18:00:00,22.23333,22.58333,18.016665,15.325,11.908335,33.183166666666665,29.37033333333333,2.959233333333333,163.47166666666666,919.6708183333334,297.0433333333333,0.0,33.32266666666666,33.029833333333336,29.9765,28.793333333333333,,0.5014986013986014,,,
2024-07-24 19:00:00,22.249995,22.591665,17.966665,15.308335,11.908335,31.741333333333333,33.42816666666667,2.578233333333333,159.90666666666667,919.40612,142.8155,0.0,31.88266666666667,31.584166666666665,33.853833333333334,33.00983333333333,,0.5032467532467534,,,
2024-07-24 20:00:00,22.23333,22.6,17.983335,15.308335,11.916665,29.333,40.57716666666667,2.577933333333333,154.46833333333333,919.3092266666666,31.05645,0.0,29.479166666666668,29.17,40.78816666666667,40.38483333333333,,0.5022477022977024,,,
2024-07-24 21:00:00,22.23333,22.6,17.991664999999998,15.308335,11.908335,26.939,46.74333333333333,2.5391666666666666,162.53333333333333,919.4887933333332,0.0,0.0,27.08383333333333,26.790333333333333,46.9455,46.54233333333333,,0.5022477022977024,,,
2024-07-24 22:00:00,22.25833,22.591665,17.98333,15.325,11.908335,25.816333333333333,50.02016666666667,3.435383333333333,170.17833333333334,919.9951416666668,0.0,0.0,25.94683333333333,25.657,50.16166666666666,49.87833333333333,,0.5022478521478521,,,
2024-07-24 23:00:00,22.216665,22.6,17.991664999999998,15.35,11.933335,24.97,52.772666666666666,3.8149666666666655,169.38833333333332,920.3145433333334,0.0,0.0,25.104,24.81833333333333,52.93816666666667,52.613166666666665,,0.5002497502497504,,,
2024-07-25 00:00:00,22.241665,22.6,18.0,15.325,11.95,23.813166666666667,56.12916666666667,3.2302833333333334,169.775,920.747485,0.0,0.0,23.969,23.65483333333333,56.285,55.97883333333333,,0.5002497502497504,6.571714025884692,7.557471129767395,1.15
2024-07-25 01:00:00,22.208335,22.591665,18.0,15.36667,11.91667,22.871,59.051,3.1922833333333336,182.0183333333333,920.8540233333332,0.0,0.0,23.014333333333333,22.73116666666667,59.18483333333334,58.92583333333334,,0.5002496003996004,,,
2024-07-25 02:00:00,22.208335,22.6,18.016665,15.4,11.966665,21.207,65.82216666666666,2.2117,187.21666666666667,920.6225,0.0,0.0,21.354666666666667,21.0495,66.00083333333333,65.64083333333333,,0.497003096903097,,,
2024-07-25 03:00:00,22.208335,22.55,18.091665,15.391665,11.95,20.146666666666665,72.95233333333334,2.065233333333333,188.65666666666667,920.4933583333332,0.0,0.0,20.287666666666667,19.994000000000003,73.11466666666666,72.78533333333333,,0.4970030969030973,,,
2024-07-25 04:00:00,22.216665,22.55,18.04167,15.391665,11.933335,19.80333333333333,73.99533333333333,1.4280000000000002,171.24033333333333,920.5292883333332,0.0,0.0,19.9545,19.648333333333333,74.20533333333333,73.77733333333335,,0.4990008991008991,,,
2024-07-25 05:00:00,22.2,22.558335,18.1,15.4,11.916665,17.847666666666665,83.05199999999999,0.2882,75.60433333333334,920.6407883333334,0.0,0.0,17.990333333333336,17.696,83.30266666666667,82.777,,0.497252747252747,,,
2024-07-25 06:00:00,22.2,22.566665,18.091665,15.391665,11.941665,16.53666666666667,88.44,0.1297833333333333,93.05661666666668,920.814225,1.87955,0.0,16.67866666666667,16.380333333333333,88.66666666666667,88.19666666666667,,0.4967534465534466,,,
2024-07-25 07:00:00,22.2,22.50833,18.075000000000003,15.383335,11.94167,17.115666666666666,86.8,0.0611666666666666,65.915,920.8936916666668,60.0965,0.0,17.256666666666668,16.9615,87.095,86.48666666666666,,0.4992506993006991,,,
2024-07-25 08:00:00,22.18333,22.5,18.091665,15.391665,11.96667,19.85183333333333,78.88183333333333,0.5405333333333334,241.81936666666667,920.9874466666666,209.42166666666665,0.0,19.994333333333334,19.6915,79.46466666666667,78.34933333333333,,0.498001998001998,,,
2024-07-25 09:00:00,22.2,22.5,18.075,15.35,11.91667,25.38833333333333,57.121,1.3251333333333333,224.28333333333333,920.8468216666666,383.1233333333333,0.0,25.552666666666667,25.22233333333333,58.2145,56.008,,0.5012486513486514,,,
2024-07-25 10:00:00,22.183335,22.5,18.091665,15.383335,11.933335,28.870166666666663,47.117,1.4805166666666667,196.34,920.5574583333332,552.5566666666667,0.0,29.03,28.71,48.1395,46.1215,,0.4992506993006994,,,
2024-07-25 11:00:00,22.15,22.449995,18.0,15.36667,11.916665,32.098,38.3155,1.6973833333333337,191.12166666666664,920.2183883333332,691.3116666666666,0.0,32.259166666666665,31.9325,39.61300000000001,37.203,,0.5044956043956044,,,
2024-07-25 12:00:00,22.125,22.433335,17.916665000000002,15.24167,11.9,34.485,28.79983333333333,3.143333333333333,195.13166666666663,919.8192633333332,792.7966666666667,0.0,34.645833333333336,34.315666666666665,29.842,27.880166666666664,,0.5117381618381621,,,
2024-07-25 13:00:00,22.1,22.391665,17.775,15.133335,11.891665,35.6345,24.599833333333333,3.9005666666666654,185.8883333333333,919.398735,837.8666666666667,0.0,35.791333333333334,35.4715,25.38283333333333,23.8215,,0.5207293206793207,,,
2024-07-25 14:00:00,22.025,22.316665,17.61667,15.033335,11.875,36.1395,22.592166666666667,3.82035,177.89666666666665,919.1004166666668,826.7666666666667,0.0,36.3055,35.963166666666666,23.44383333333333,21.7715,,0.5312186813186814,,,
2024-07-25 15:00:00,22.0,22.291665,17.566670000000002,14.89167,11.833335,36.39683333333333,21.076,3.92,177.28333333333333,918.64437,764.365,0.0,36.5545,36.22816666666667,21.813166666666667,20.38266666666667,,0.5389608391608391,,,
2024-07-25 16:00:00,21.975,22.249995,17.441665,14.8,11.816665,36.37033333333333,22.90266666666667,4.2465,160.51833333333337,918.179505,644.1666666666666,0.0,36.52216666666666,36.20283333333334,23.544,22.366666666666667,,0.547203046953047,,,
2024-07-25 17:00:00,21.883335,22.2,17.358335,14.725,11.8,35.739000000000004,24.804,4.602266666666667,162.91833333333335,918.004555,499.4266666666666,0.0,35.89533333333333,35.583333333333336,25.247333333333334,24.387666666666668,,0.553946003996004,,,
2024-07-25 18:00:00,21.833335,22.191665,17.34167,14.691665,11.791665,34.5885,26.91783333333333,4.6728,162.04500000000002,917.6666466666668,326.59666666666664,0.0,34.729,34.435500000000005,27.28983333333333,26.54733333333333,,0.555944105894106,,,
2024-07-25 19:00:00,21.84167,22.166665,17.299999999999997,14.7,11.8,32.5735,32.0895,4.190766666666667,161.845,917.5451866666666,153.01166666666668,0.0,32.72,32.4185,32.3355,31.85616666666667,,0.5574426073926076,,,
2024-07-25 20:00:00,21.8,22.191665,17.258335000000002,14.691665,11.8,30.123,37.179833333333335,4.298966666666667,161.09333333333333,917.6028283333332,33.667,0.0,30.275166666666667,29.9655,37.323166666666665,37.05216666666667,,0.558191858141858,,,
2024-07-25 21:00:00,21.808335,22.158335,17.275,14.7,11.8,28.1085,41.123666666666665,4.32925,161.44666666666666,917.6032666666669,0.0,0.0,28.2505,27.958666666666662,41.25383333333333,41.006,,0.5584415084915084,,,
2024-07-25 22:00:00,21.808335,22.191665,17.3,14.7,11.8,26.0495,46.10083333333333,3.68395,167.73999999999998,917.910455,0.0,0.0,26.1975,25.897166666666667,46.23366666666666,45.97566666666667,,0.5566933566433567,,,
2024-07-25 23:00:00,21.8,22.175,17.291665000000002,14.7,11.808335,25.058333333333334,47.54683333333333,4.0754,166.02666666666667,917.9117783333334,0.0,0.0,25.202166666666667,24.900166666666667,47.66783333333333,47.42733333333333,,0.5571928071928071,,,
2024-07-26 00:00:00,21.833335,22.2,17.3,14.7,11.825,23.860666666666667,51.5405,3.62515,169.47333333333333,917.89328,0.0,0.0,24.001,23.706166666666668,51.66483333333333,51.41983333333334,,0.5556943056943057,2.149953278273227,2.472446270014211,1.15
2024-07-26 01:00:00,21.808335,22.191665,17.3,14.7,11.8,23.538833333333333,55.89983333333334,3.92515,178.11499999999998,918.070745,0.0,0.0,23.685166666666667,23.3845,56.031333333333336,55.76883333333333,,0.5566933566433567,,,
2024-07-26 02:00:00,21.816665,22.16667,17.358334999999997,14.691665,11.8,22.1625,62.84316666666667,3.308316666666667,184.525,917.805935,0.0,0.0,22.302833333333336,22.0195,62.98683333333334,62.6865,,0.5559439560439561,,,
2024-07-26 03:00:00,21.816665,22.18333,17.308335,14.7,11.8,21.0405,67.10233333333333,3.333183333333333,187.37166666666664,917.394555,0.0,0.0,21.187666666666665,20.88733333333333,67.23983333333334,66.966,,0.5566933566433567,,,
2024-07-26 04:00:00,21.8,22.166665,17.31667,14.708335,11.816665,20.380666666666663,69.2675,3.0993666666666666,186.625,917.1382466666668,0.0,0.0,20.52266666666667,20.2305,69.42366666666666,69.1135,,0.5561937562437561,,,
2024-07-26 05:00:00,21.774995,22.14167,17.38333,14.716665,11.808335,21.137916666666666,65.19583333333334,3.7798125,182.59375,916.9960083333334,0.0,0.0,21.28375,20.980416666666667,65.359375,65.029375,,0.5549450549450547,,,
2024-07-26 06:00:00,21.78333,22.091665,17.391665,14.725,11.8,,,,,,,,,,,,,0.556193906093906,,,
2024-07-26 07:00:00,21.78333,22.1,17.38333,14.708335,11.8,,,,,,,,,,,,,0.5566933566433567,,,
2024-07-26 08:00:00,21.73333,22.1,17.391669999999998,14.758335,11.825,,,,,,,,,,,,,0.5541956543456544,,,
2024-07-26 09:00:00,21.73333,22.1,17.316665,14.71667,11.8,,,,,,,,,,,,,0.5584415084915084,,,
2024-07-26 10:00:00,21.7,22.041665,17.325000000000003,14.725,11.8,,,,,,,,,,,,,0.5596903596403597,,,
2024-07-26 11:00:00,21.68333,22.0,17.28333,14.68333,11.8,,,,,,,,,,,,,0.5634367632367633,,,
